District code,State name,District name,Population,Male,Female,Literate,Male_Literate,Female_Literate,Workers,Male_Workers,Female_Workers,Below_Primary_Education,Primary_Education,Middle_Education,Secondary_Education,Higher_Education,Graduate_Education,Age_Group_0_29,Age_Group_30_49,Age_Group_50
1,JAMMU AND KASHMIR,Kupwara,870354,474190,396164,439654,282823,156831,229064,190899,38165,60616,101642,99947,74948,39709,21751,600759,178435,89679
2,JAMMU AND KASHMIR,Badgam,753745,398041,355704,335649,207741,127908,214866,162578,52288,68336,80862,83141,66459,41367,27950,503223,160933,88978
3,JAMMU AND KASHMIR,Leh(Ladakh),133487,78971,54516,93770,62834,30936,75079,53265,21814,10452,15181,17900,16265,8923,6197,70703,41515,21019
4,JAMMU AND KASHMIR,Kargil,140802,77785,63017,86236,56301,29935,51873,39839,12034,12732,19083,20874,16938,9826,3077,87532,35561,17488
5,JAMMU AND KASHMIR,Punch,476835,251899,224936,261724,163333,98391,161393,117677,43716,55762,72024,69219,46062,29517,13962,304979,109818,61334
6,JAMMU AND KASHMIR,Rajouri,642415,345351,297064,364109,224469,139640,290912,184752,106160,70996,91859,108785,65921,35804,18576,404903,153165,83319
7,JAMMU AND KASHMIR,Kathua,616435,326109,290326,389204,228499,160705,200431,161548,38883,69396,82715,106411,91522,47694,24330,357864,160123,97684
8,JAMMU AND KASHMIR,Baramula,1008039,534733,473306,545149,337170,207979,304200,249581,54619,76778,117000,137510,107837,57932,48285,636524,239659,130513
9,JAMMU AND KASHMIR,Bandipore,392232,207680,184552,185979,117058,68921,149317,101380,47937,34064,47240,48849,35630,18644,12721,252378,90465,48802
10,JAMMU AND KASHMIR,Srinagar,1236829,651124,585705,748584,431746,316838,407188,333151,74037,88911,173309,178723,176409,132727,121856,693238,351561,190330
11,JAMMU AND KASHMIR,Ganderbal,297446,158720,138726,143276,90581,52695,100890,73305,27585,25817,38735,38375,28247,15005,9633,194165,66945,35911
12,JAMMU AND KASHMIR,Pulwama,560440,293064,267376,293958,178326,115632,188420,138428,49992,36201,54808,73991,67368,40931,31286,342601,137032,80111
13,JAMMU AND KASHMIR,Shupiyan,266215,136480,129735,136500,80355,56145,87721,63931,23790,26468,29593,36939,28617,16501,10782,170086,60752,35158
14,JAMMU AND KASHMIR,Anantnag,1078692,559767,518925,545532,324417,221115,389684,244032,145652,73719,99059,129174,97121,52407,41570,704145,239988,133519
15,JAMMU AND KASHMIR,Kulgam,424483,217620,206863,209085,125052,84033,159990,102317,57673,36066,47268,60470,45383,24214,18240,266858,99870,57253
16,JAMMU AND KASHMIR,Doda,409936,213641,196295,219083,138620,80463,151912,101144,50768,43794,47350,62719,48359,31416,12647,263576,93189,52744
17,JAMMU AND KASHMIR,Ramban,283713,149132,134581,124065,82938,41127,87212,68476,18736,33971,35284,35115,22591,13331,4923,188526,61604,33220
18,JAMMU AND KASHMIR,Kishtwar,230696,120165,110531,107506,68700,38806,82974,56779,26195,25022,25675,27745,19550,14521,5438,145931,53415,31084
19,JAMMU AND KASHMIR,Udhampur,554985,296784,258201,322354,197543,124811,243672,163845,79827,58567,80129,86008,55024,29657,17345,339145,140785,74757
20,JAMMU AND KASHMIR,Reasi,314667,166461,148206,150542,93937,56605,144767,88755,56012,33411,40215,36184,24066,14064,4733,203967,70767,39743
21,JAMMU AND KASHMIR,Jammu,1529958,813821,716137,1137135,641916,495219,508622,417456,91166,135391,185962,253542,261852,159257,146501,816827,435895,275585
22,JAMMU AND KASHMIR,Samba,318898,169124,149774,228139,130312,97827,92526,81952,10574,29138,41233,59931,61407,30503,14055,177277,88246,53022
,,,,,,,,,,,,,,,,,,,,
,,,,,,,,,,,,,,,,,,,,
23,HIMACHAL PRADESH,Chamba,519080,261320,257760,323842,186064,137778,294035,158791,135244,56272,96789,67653,64515,40440,15506,306555,130606,81566
24,HIMACHAL PRADESH,Kangra,1510075,750591,759484,1152640,606443,546197,675170,403756,271414,127699,243617,223099,284124,192936,91236,766581,419172,319420
25,HIMACHAL PRADESH,Lahul AND Spiti,31564,16588,14976,21845,12897,8948,19295,10763,8532,3776,5042,4011,3934,3557,2378,15928,9181,6200
26,HIMACHAL PRADESH,Kullu,437903,225452,212451,307672,174550,133122,269084,148829,120255,48384,77363,61854,58122,39081,23168,244727,120510,72282
27,HIMACHAL PRADESH,Mandi,999777,498065,501712,723747,393669,330078,572671,297464,275207,100052,159043,132147,180188,128549,54139,524285,279321,194661
28,HIMACHAL PRADESH,Hamirpur,454768,217070,237698,358091,180555,177536,241931,118724,123207,37327,71107,72114,91184,64363,35620,224044,123941,106641
29,HIMACHAL PRADESH,Una,521173,263692,257481,399715,213281,186434,215346,141612,73734,51838,87913,81256,105204,60626,32120,273223,142351,105358
30,HIMACHAL PRADESH,Bilaspur,381956,192764,189192,287620,155599,132021,205871,111543,94328,35817,59489,53515,64730,45695,25474,193671,107367,80497
31,HIMACHAL PRADESH,Solan,580320,308754,271566,428578,244372,184206,298737,190001,108736,50331,89407,83992,95232,59363,36803,321533,167168,90808
32,HIMACHAL PRADESH,Sirmaur,529855,276289,253566,362645,205617,157028,280083,169399,110684,57853,100123,78103,67080,38282,23352,310244,136839,82471
33,HIMACHAL PRADESH,Shimla,814010,425039,388971,612642,342846,269796,430926,258628,172298,69967,113536,113305,141490,95341,80414,425721,241956,145577
34,HIMACHAL PRADESH,Kinnaur,84121,46249,37872,60699,36697,24002,56273,33863,22410,9400,13749,11437,11140,7871,5118,42360,26599,15075
,,,,,,,,,,,,,,,,,,,,
,,,,,,,,,,,,,,,,,,,,
35,PUNJAB,Gurdaspur,2298323,1212617,1085706,1634719,907660,727059,757138,637652,119486,180897,315156,290618,372317,243539,104345,1261421,611353,423301
36,PUNJAB,Kapurthala,815168,426311,388857,576567,316254,260313,284165,235562,48603,71698,127031,112774,128828,77442,48221,433331,222324,157833
37,PUNJAB,Jalandhar,2193590,1145211,1048379,1622537,882581,739956,774472,639484,134988,183441,333736,304652,339758,216646,162965,1159156,616431,416449
38,PUNJAB,Hoshiarpur,1586625,809057,777568,1199699,637927,561772,499822,412506,87316,143871,256127,238975,301435,176013,93618,831741,422782,330671
39,PUNJAB,Shahid Bhagat Singh Nagar,612310,313291,299019,438459,239155,199304,204329,170252,34077,53709,111242,94286,101970,61643,26893,318597,163305,128310
40,PUNJAB,Fatehgarh Sahib,600163,320795,279368,426033,238696,187337,214783,182777,32006,51897,102257,83931,95073,59555,34990,321018,166781,111028
41,PUNJAB,Ludhiana,3498739,1867816,1630923,2560225,1428348,1131877,1284822,1053600,231222,277247,488129,443759,527568,318876,272280,1901528,980046,614258
42,PUNJAB,Moga,995746,525920,469826,627889,348549,279340,359172,292379,66793,98764,158812,116716,128693,85642,37417,535408,258826,194768
43,PUNJAB,Firozpur,2029074,1071637,957437,1227511,707070,520441,756695,596406,160289,196971,306838,226433,221806,147698,82448,1171770,525459,331259
44,PUNJAB,Muktsar,901896,475622,426274,524848,300401,224447,335326,272699,62627,90240,137470,101852,104682,62612,36905,495167,242628,162297
45,PUNJAB,Faridkot,617508,326671,290837,381285,215767,165518,221555,185049,36506,53734,89433,71178,75419,48360,29838,336540,164962,113721
46,PUNJAB,Bathinda,1388525,743197,645328,844868,488261,356607,549986,432988,116998,117795,182796,145626,163928,96329,70240,754927,377707,255283
47,PUNJAB,Mansa,769751,408732,361019,423560,244037,179523,328512,230739,97773,75708,106162,84553,85953,48663,27461,420050,200882,146103
48,PUNJAB,Patiala,1895686,1002522,893164,1266791,711052,555739,660267,549661,110606,173890,283837,239609,256826,157435,141947,1042519,517079,335100
49,PUNJAB,Amritsar,2490656,1318408,1172248,1684770,932981,751789,917856,735195,182661,197944,313874,283819,328229,203656,142399,1384987,667193,436496
50,PUNJAB,Tarn Taran,1119627,589369,530258,666162,376427,289735,380702,313639,67063,106878,165659,118366,147856,83290,21322,641875,283645,190898
51,PUNJAB,Rupnagar,684627,357485,327142,502731,278534,224197,233676,186910,46766,53005,107715,98135,116836,68794,38823,365300,185424,131707
52,PUNJAB,Sahibzada Ajit Singh Nagar,994628,529253,465375,736575,409944,326631,355995,283367,72628,82178,131983,119930,147214,96568,105306,540872,281462,171656
53,PUNJAB,Sangrur,1655169,878029,777140,1002077,570413,431664,568758,485129,83629,163251,250833,197901,220210,130155,73636,904316,435148,311621
54,PUNJAB,Barnala,595527,317522,278005,359831,201999,157832,209331,178163,31168,49367,90971,66695,81545,43467,23657,322607,158413,114077
,,,,,,,,,,,,,,,,,,,,
,,,,,,,,,,,,,,,,,,,,
55,CHANDIGARH,Chandigarh,1055450,580663,474787,805438,465346,340092,404136,328159,75977,80406,118667,114209,124707,98786,174528,602411,303748,148945
56,UTTARAKHAND,Uttarkashi,330086,168597,161489,215126,128237,86889,157276,84265,73011,43442,46625,47640,30901,24989,18882,202426,75997,51245
57,UTTARAKHAND,Chamoli,391605,193991,197614,280556,155395,125161,180940,93832,87108,47447,68435,67519,47703,32557,27168,229715,93182,67873
58,UTTARAKHAND,Rudraprayag,242285,114589,127696,170933,91803,79130,113032,52339,60693,30562,50288,44605,28916,21131,15096,141848,54979,44986
59,UTTARAKHAND,Tehri Garhwal,618931,297986,320945,407994,227406,180588,280442,140821,139621,72163,103462,95417,74008,58434,30704,368324,139371,109998
60,UTTARAKHAND,Dehradun,1696694,892199,804495,1259506,702216,557290,582768,458834,123934,142130,236027,240639,206730,187700,247622,968517,446046,276280
61,UTTARAKHAND,Garhwal,687271,326829,360442,494889,262148,232741,274152,147373,126779,91101,107794,111671,95590,74219,52076,380765,160183,145445
62,UTTARAKHAND,Pithoragarh,483439,239306,244133,345550,189623,155927,216490,113539,102951,63591,87585,90983,56591,42086,28375,273494,116749,92517
63,UTTARAKHAND,Bageshwar,259898,124326,135572,179483,97546,81937,123638,58708,64930,38113,47788,50340,31224,20785,10900,147488,60569,51672
64,UTTARAKHAND,Almora,622506,291081,331425,436497,231604,204893,298211,142460,155751,90864,120029,115810,76148,53026,37742,351595,141238,128994
65,UTTARAKHAND,Champawat,259648,131125,128523,177726,102015,75711,99566,60427,39139,36127,48093,45766,23610,18360,15110,156916,60722,41913
66,UTTARAKHAND,Nainital,954605,493666,460939,696500,385779,310721,376181,256935,119246,90915,155681,157875,115317,98851,89101,562548,243095,147053
67,UTTARAKHAND,Udham Singh Nagar,1648902,858783,790119,1037839,598525,439314,591458,444578,146880,179602,302653,232381,169274,113661,111062,1042614,392370,212223
68,UTTARAKHAND,Hardwar,1890422,1005295,885127,1178354,691411,486943,578121,497810,80311,245515,336790,243719,165003,114114,134182,1207120,435385,246229
,,,,,,,,,,,,,,,,,,,,
,,,,,,,,,,,,,,,,,,,,
69,HARYANA,Panchkula,561293,299679,261614,405318,229862,175456,211479,164865,46614,45607,73584,60177,69163,48306,83256,309078,157076,93606
70,HARYANA,Ambala,1128350,598703,529647,818025,461288,356737,372139,320120,52019,89558,170110,161844,163544,97980,91472,617859,308126,201685
71,HARYANA,Yamunanagar,1214205,646718,567487,832457,474793,357664,389233,342343,46890,107222,194654,164652,159311,99170,82532,694813,317708,201386
72,HARYANA,Kurukshetra,964655,510976,453679,646893,370828,276065,336780,268556,68224,94530,145392,118107,120790,81964,71007,552034,250830,160216
73,HARYANA,Kaithal,1074304,571003,503301,646529,385782,260747,373899,292696,81203,119345,158239,124682,117753,82297,51043,630194,265813,176320
74,HARYANA,Karnal,1505324,797712,707612,978013,564516,413497,516062,411646,104416,155839,231354,188040,183590,124790,101387,884972,380409,234684
75,HARYANA,Panipat,1205437,646857,558580,786599,464136,322463,412318,328667,83651,118873,170565,143466,141473,91756,75774,739075,298764,167244
76,HARYANA,Sonipat,1450001,781299,668702,998316,589881,408435,523179,391085,132094,138489,200458,182396,224639,150760,101186,855201,360216,233318
77,HARYANA,Jind,1334152,713006,621146,832758,502049,330709,523422,368277,155145,136892,185626,151682,154773,107994,64599,784085,335704,213478
78,HARYANA,Fatehabad,942011,495360,446651,557578,327471,230107,369083,263498,105585,103541,136663,99948,93526,61476,37741,555745,237009,147469
79,HARYANA,Sirsa,1295189,682582,612607,782897,456968,325929,502003,369462,132541,141766,201349,153263,134559,83373,61620,750228,334344,208185
80,HARYANA,Hisar,1743931,931562,812369,1114311,670200,444111,691621,488321,203300,197303,230074,194595,202792,144626,105346,1017830,456536,265109
81,HARYANA,Bhiwani,1634445,866672,767773,1069871,643158,426713,623006,430678,192328,186145,223049,198307,218631,148995,104875,964960,405760,261428
82,HARYANA,Rohtak,1061204,568479,492725,747582,436025,311557,345967,272646,73321,117097,150903,140782,168499,109596,100346,605741,269354,185685
83,HARYANA,Jhajjar,958405,514667,443738,676091,399480,276611,326534,250020,76514,90737,109829,115794,145258,97457,58826,549975,245095,162356
84,HARYANA,Mahendragarh,922088,486665,435423,630255,380440,249815,338584,232935,105649,94273,135849,126291,132765,94245,60296,530000,229392,161258
85,HARYANA,Rewari,900332,474335,425997,636947,375453,261494,337727,235326,102401,81280,120860,122617,139646,95807,65143,518747,230704,150557
86,HARYANA,Gurgaon,1514432,816690,697742,1111116,638666,472450,544716,432456,112260,126920,177453,175370,219200,150120,233402,875531,428101,210307
87,HARYANA,Mewat,1089263,571162,518101,454897,308435,146462,289964,224642,65322,125261,135842,67299,41836,22265,12453,790930,186916,110688
88,HARYANA,Faridabad,1809733,966110,843623,1272739,734940,537799,579229,476933,102296,137902,220384,198551,282666,178846,259933,1095602,481318,231029
89,HARYANA,Palwal,1042708,554497,488211,599796,379696,220100,309563,241464,68099,125474,142156,113940,102626,65963,43780,684189,224043,133913
,,,,,,,,,,,,,,,,,,,,
,,,,,,,,,,,,,,,,,,,,
90,NCT OF DELHI,North West,3656539,1960922,1695617,2707855,1541952,1165903,1188545,1022419,166126,228507,571255,607092,613393,519808,465677,2138591,1013424,503055
91,NCT OF DELHI,North,887978,475002,412976,681517,381615,299902,296446,257575,38871,58952,133915,142788,126121,97744,107099,506601,256501,124513
92,NCT OF DELHI,North East,2241624,1188425,1053199,1611588,912481,699107,661386,594353,67033,206524,500493,488767,341540,212438,122983,1393078,581016,264663
93,NCT OF DELHI,East,1709346,907500,801846,1352998,748382,604616,579692,486951,92741,86484,219061,260094,267825,235187,246988,948963,497157,262124
94,NCT OF DELHI,New Delhi,142004,77942,64062,114179,65678,48501,59541,46940,12601,4641,11728,15326,15942,17742,23934,76076,43913,21773
95,NCT OF DELHI,Central,582320,307821,274499,442360,240518,201842,207374,177621,29753,34122,80924,96755,83244,62124,80251,317650,169533,94448
96,NCT OF DELHI,West,2543243,1356240,1187003,1961179,1093933,867246,874320,732598,141722,157606,318376,365913,369114,327114,440295,1399165,732515,408953
97,NCT OF DELHI,South West,2292958,1246046,1046912,1787689,1025261,762428,795352,667977,127375,152945,255177,313817,335645,308513,400800,1296955,683209,308675
98,NCT OF DELHI,South,2731929,1467428,1264501,2078402,1185036,893366,924393,775592,148801,191659,368772,400595,430091,354078,458858,1588001,785085,355602
,,,,,,,,,,,,,,,,,,,,
,,,,,,,,,,,,,,,,,,,,
99,RAJASTHAN,Ganganagar,1969168,1043340,925828,1193343,710908,482435,912672,596320,316352,237042,314107,238397,163098,105734,104071,1167889,502211,283484
100,RAJASTHAN,Hanumangarh,1774692,931184,843508,1034136,624281,409855,835260,512802,322458,239601,273441,219194,153628,104087,84185,1058044,453114,242361
101,RAJASTHAN,Bikaner,2363937,1240801,1123136,1278801,782399,496402,986208,640572,345636,410155,333211,254335,143669,80296,101714,1543867,517271,288165
102,RAJASTHAN,Churu,2039547,1051446,988101,1149269,696729,452540,902829,541404,361425,336671,302022,237220,161520,100677,77282,1293193,458725,272176
103,RAJASTHAN,Jhunjhunun,2137045,1095896,1041149,1370360,815834,554526,894649,541392,353257,296093,305626,301866,256621,192240,158936,1298780,494124,330126
104,RAJASTHAN,Alwar,3674179,1939026,1735153,2182476,1359829,822647,1708542,994171,714371,492781,492981,468628,324050,230415,222622,2346721,836000,490137
105,RAJASTHAN,Bharatpur,2548462,1355726,1192736,1480869,943910,536959,1071154,647198,423956,363676,330336,314953,211938,147520,132571,1659515,546362,329127
106,RAJASTHAN,Dhaulpur,1206516,653647,552869,683098,435721,247377,523212,339110,184102,207566,172914,132964,77360,45590,37856,815651,248416,141365
107,RAJASTHAN,Karauli,1458248,783639,674609,805849,531904,273945,628726,371058,257668,220644,193938,170399,104208,69443,67639,947173,310688,192042
108,RAJASTHAN,Sawai Madhopur,1335551,704031,631520,741748,486184,255564,578068,343802,234266,205450,172925,151108,87349,57625,70870,841697,309237,183234
109,RAJASTHAN,Dausa,1634409,857787,776622,938051,596935,341116,684495,398151,286344,229035,235474,208537,135234,92559,90833,1047136,358718,210117
110,RAJASTHAN,Jaipur,6626178,3468507,3157671,4300965,2554793,1746172,2464893,1714947,749946,819004,875940,823570,659389,455527,703673,4091148,1646480,884057
111,RAJASTHAN,Sikar,2677333,1374990,1302343,1652117,995275,656842,1006504,657854,348650,369959,438872,367412,282595,200430,181282,1672813,605002,381226
112,RAJASTHAN,Nagaur,3307743,1696325,1611418,1758624,1102750,655874,1425882,857031,568851,513871,486057,388822,242053,147701,117444,2088323,754143,463469
113,RAJASTHAN,Jodhpur,3687165,1923928,1763237,2031532,1265753,765779,1489741,965103,524638,497762,512035,405132,259304,154789,177199,2359786,836322,489280
114,RAJASTHAN,Jaisalmer,669919,361708,308211,308653,210415,98238,288903,182565,106338,109484,71132,41264,20142,12759,10604,448969,140294,79977
115,RAJASTHAN,Barmer,2603751,1369022,1234729,1188322,783461,404861,1202482,696240,506242,406804,352636,219932,101291,52272,39533,1731122,527629,326476
116,RAJASTHAN,Jalor,1828730,936634,892096,829582,543923,285659,896644,494906,401738,270997,277152,181691,75304,32366,25210,1176496,390598,249379
117,RAJASTHAN,Sirohi,1036346,534231,502115,476806,309900,166906,419829,272196,147633,117971,147381,110385,58213,30724,27076,649290,244401,142251
118,RAJASTHAN,Pali,2037573,1025422,1012151,1085693,667381,418312,842327,523077,319250,293818,359329,271312,144581,71472,67021,1207983,467436,343384
119,RAJASTHAN,Ajmer,2583052,1324085,1258967,1526673,926268,600405,1053722,686149,367573,379043,394576,313680,200191,130608,172683,1561077,629951,388040
120,RAJASTHAN,Tonk,1421326,728136,693190,749659,478329,271330,649161,371848,277313,237191,190750,154825,91853,64431,67155,880194,334006,205593
121,RAJASTHAN,Bundi,1110906,577160,533746,585044,371705,213339,526091,314806,211285,153500,159218,121104,63248,41227,41052,686771,267648,155958
122,RAJASTHAN,Bhilwara,2408523,1220736,1187787,1256126,777582,478544,1148165,674589,473576,398993,338296,258990,141250,92785,106667,1439454,589476,365023
123,RAJASTHAN,Rajsamand,1156597,581339,575258,619139,383334,235805,550831,319534,231297,190090,190388,140839,72969,41063,34286,687165,275099,193668
124,RAJASTHAN,Dungarpur,1388552,696532,692020,681591,415820,265771,641515,346624,294891,238847,175059,114245,60656,42887,39312,868458,317700,191917
125,RAJASTHAN,Banswara,1797485,907754,889731,829343,513854,315489,916574,482236,434338,240067,190259,137780,75011,50438,47094,1153029,406214,216554
126,RAJASTHAN,Chittaurgarh,1544338,783171,761167,821825,514851,306974,802755,456632,346123,245603,225700,170455,90889,58129,67155,880043,398303,258997
127,RAJASTHAN,Kota,1951014,1021161,929853,1298345,765396,532949,748811,534650,214161,286676,294591,250092,172538,118710,167778,1177474,495896,275396
128,RAJASTHAN,Baran,1222755,633945,588810,693307,432607,260700,552583,329754,222829,203489,194024,144190,76209,46847,49939,762204,286344,173100
129,RAJASTHAN,Jhalawar,1411129,725143,685986,739792,466815,272977,685950,402825,283125,226614,203488,143108,73388,46267,47985,850546,346110,213674
130,RAJASTHAN,Udaipur,3068420,1566801,1501619,1582629,973444,609185,1365783,835839,529944,442946,386075,277392,164290,102085,142672,1876436,739287,451034
131,RAJASTHAN,Pratapgarh,867848,437744,430104,401515,250122,151393,481294,251691,229603,142397,111276,70969,35206,21854,19109,545987,204801,115608
,,,,,,,,,,,,,,,,,,,,
,,,,,,,,,,,,,,,,,,,,
132,UTTAR PRADESH,Saharanpur,3466382,1834106,1632276,2077108,1220114,856994,1037344,911136,126208,474060,600668,431491,256510,163463,154153,2228689,769736,433862
133,UTTAR PRADESH,Muzaffarnagar,4143512,2193434,1950078,2417339,1448528,968811,1291644,1081569,210075,826387,780470,531913,281747,148770,98691,2671757,911621,544283
134,UTTAR PRADESH,Bijnor,3682713,1921215,1761498,2135393,1241471,893922,1088036,921497,166539,498971,827447,549594,255028,159528,148185,2404576,786305,450186
135,UTTAR PRADESH,Moradabad,4772006,2503186,2268820,2263848,1357435,906413,1417811,1193439,224372,635957,725118,492338,296210,186311,186489,3168270,988486,525574
136,UTTAR PRADESH,Rampur,2335819,1223889,1111930,1043666,630408,413258,737261,609693,127568,278477,374898,171242,85117,51703,43839,1576123,491164,258913
137,UTTAR PRADESH,Jyotiba Phule Nagar,1840221,963449,876772,983110,600541,382569,599089,459037,140052,251669,352835,230640,161282,164763,69522,1227283,391275,215849
138,UTTAR PRADESH,Meerut,3443689,1825743,1617946,2141488,1254520,886968,1090539,898810,191729,412280,495861,469403,359944,254337,275076,2165117,780475,451827
139,UTTAR PRADESH,Baghpat,1303048,700070,602978,797970,489858,308112,416695,342604,74091,139646,272939,215070,132197,79475,44164,817140,283276,194548
140,UTTAR PRADESH,Ghaziabad,4681645,2488834,2192811,3123264,1811397,1311867,1520538,1231615,288923,534606,858286,797473,597661,475439,255949,2891069,1139871,559963
141,UTTAR PRADESH,Gautam Buddha Nagar,1648115,890214,757901,1122947,666065,456882,569109,443384,125725,201277,330623,283031,218587,194796,101645,1015648,402967,188862
142,UTTAR PRADESH,Bulandshahr,3499171,1845260,1653911,2031656,1253314,778342,1173260,897815,275445,443641,540754,475146,338138,217882,151182,2246254,753949,472808
143,UTTAR PRADESH,Aligarh,3673889,1951996,1721893,2092567,1283380,809187,1174361,929337,245024,456870,491605,443958,334738,216997,172585,2378289,787408,472667
144,UTTAR PRADESH,Mahamaya Nagar,1564708,836127,728581,942572,579157,363415,484115,398126,85989,181444,297282,269717,166861,89435,49812,1011157,339137,210083
145,UTTAR PRADESH,Mathura,2547184,1367125,1180059,1507746,943346,564400,840939,635142,205797,303291,420976,344961,233264,155937,103102,1600686,535738,327854
146,UTTAR PRADESH,Agra,4418797,2364953,2053844,2680510,1614594,1065916,1389844,1119701,270143,600839,904836,647340,450571,317618,199395,2871903,991255,547873
147,UTTAR PRADESH,Firozabad,2498156,1332046,1166110,1521806,912314,609492,761521,621840,139681,324525,416295,368905,277163,166249,108627,1621154,543730,312689
148,UTTAR PRADESH,Mainpuri,1868529,993377,875152,1203885,712110,491775,560840,466067,94773,234774,353287,319158,230731,144516,111696,1193660,402321,265638
149,UTTAR PRADESH,Budaun,3681896,1967759,1714137,1547477,986501,560976,1107343,939616,167727,556130,585283,295943,154425,86760,64222,2436051,748408,424194
150,UTTAR PRADESH,Bareilly,4448359,2357665,2090694,2191759,1342697,849062,1401971,1153006,248965,717585,641251,442110,272840,172554,146446,2893965,952233,514141
151,UTTAR PRADESH,Pilibhit,2031007,1072002,959005,1061095,654290,406805,618605,534939,83666,294135,281158,240057,117838,77602,66129,1320476,449673,256276
152,UTTAR PRADESH,Shahjahanpur,3006538,1606403,1400135,1490930,915142,575788,892214,783313,108901,451571,476064,315873,158430,96308,87355,1961237,652237,368743
153,UTTAR PRADESH,Kheri,4021243,2123187,1898056,2034044,1237157,796887,1264718,1058483,206235,717340,621684,442748,223669,129627,128548,2582597,896611,510832
154,UTTAR PRADESH,Sitapur,4483992,2375264,2108728,2283733,1397702,886031,1422602,1171252,251350,714304,656401,482220,221898,136383,127750,2862383,1000987,588318
155,UTTAR PRADESH,Hardoi,4092845,2191442,1901403,2221601,1374587,847014,1318946,1091952,226994,741817,906861,510507,247265,138583,103523,2598364,905306,559988
156,UTTAR PRADESH,Unnao,3108367,1630087,1478280,1773584,1053063,720521,1124744,851014,273730,501457,512965,415378,240024,136688,101934,1893706,706851,453462
157,UTTAR PRADESH,Lucknow,4589838,2394476,2195362,3127260,1742440,1384820,1542806,1226399,316407,489898,554301,552171,428121,378742,639260,2678289,1161686,685258
158,UTTAR PRADESH,Rae Bareli,3405559,1752542,1653017,1965843,1165965,799878,1204710,867393,337317,540661,538301,477689,270775,182823,153041,2116007,776583,506583
159,UTTAR PRADESH,Farrukhabad,1885204,1006240,878964,1092677,654827,437850,592267,494545,97722,270550,330084,257279,184298,115069,110391,1224584,411153,246795
160,UTTAR PRADESH,Kannauj,1656616,881776,774840,1017087,603596,413491,524676,430934,93742,237853,283674,263749,175582,107628,95072,1069916,361028,223535
161,UTTAR PRADESH,Etawah,1581810,845856,735954,1062003,623583,438420,506072,413713,92359,171216,292852,298700,195192,121283,118571,979633,362026,237786
162,UTTAR PRADESH,Auraiya,1379545,740040,639505,930836,546198,384638,442023,364543,77480,133123,291837,282449,168866,101542,79012,856336,320763,202054
163,UTTAR PRADESH,Kanpur Dehat,1796184,963255,832929,1170243,692964,477279,628864,493991,134873,235341,344866,341845,223529,157167,97740,1100820,415918,276272
164,UTTAR PRADESH,Kanpur Nagar,4581268,2459806,2121462,3243022,1829179,1413843,1572232,1299871,272361,338620,766906,794860,651228,515772,396565,2630411,1209554,731795
165,UTTAR PRADESH,Jalaun,1689974,906092,783882,1075196,653430,421766,620764,470969,149795,169207,327534,282919,167911,104699,106888,1002817,410090,274954
166,UTTAR PRADESH,Jhansi,1998603,1057436,941167,1304513,783705,520808,814914,565357,249557,184997,370685,341371,186348,99814,92586,1171301,510728,308331
167,UTTAR PRADESH,Lalitpur,1221592,641011,580581,641191,397586,243605,503351,326783,176568,185575,202692,154118,61543,32237,34658,793551,265080,159666
168,UTTAR PRADESH,Hamirpur,1104285,593537,510748,653299,408125,245174,443655,308527,135128,159593,238344,211029,103334,59914,59612,660774,260368,181109
169,UTTAR PRADESH,Mahoba,875958,466358,409600,488106,302283,185823,349676,237153,112523,119002,141201,131165,60400,33810,37165,527067,201394,137393
170,UTTAR PRADESH,Banda,1799410,965876,833534,1002937,630626,372311,701689,485314,216375,325773,415195,249238,114783,61702,63112,1120432,408527,265310
171,UTTAR PRADESH,Chitrakoot,991730,527721,464009,531072,330339,200733,394197,254977,139220,168472,174106,124256,69641,40266,35826,638046,214228,136669
172,UTTAR PRADESH,Fatehpur,2632733,1384722,1248011,1512166,911003,601163,1063929,713736,350193,409875,463642,376472,227119,134445,116445,1624830,603831,395547
173,UTTAR PRADESH,Pratapgarh,3209141,1606085,1603056,1931559,1121381,810178,1066601,704569,362032,427626,558350,456752,332742,238011,197846,2002569,703727,492097
174,UTTAR PRADESH,Kaushambi,1599596,838485,761111,813424,507279,306145,639086,402644,236442,184229,253910,180825,146757,89011,45341,1034099,336401,210556
175,UTTAR PRADESH,Allahabad,5954391,3131807,2822584,3665727,2199340,1466387,2111907,1426110,685797,823863,934881,738076,596615,502826,428871,3764404,1335224,818137
176,UTTAR PRADESH,Bara Banki,3260699,1707073,1553626,1692458,1010518,681940,1192850,871241,321609,533140,420824,350564,197780,132332,113799,2043335,709494,445269
177,UTTAR PRADESH,Faizabad,2470996,1259628,1211368,1450901,838339,612562,831209,597888,233321,356093,361114,347114,231129,176303,179996,1534832,543148,367332
178,UTTAR PRADESH,Ambedkar Nagar,2397888,1212410,1185478,1486939,846676,640263,787398,547406,239992,342667,392873,353570,247028,172872,194387,1499494,515229,367234
179,UTTAR PRADESH,Sultanpur,3797117,1914586,1882531,2239902,1300248,939654,1242632,869838,372794,460210,637015,526973,306046,188848,176414,2376875,828222,580164
180,UTTAR PRADESH,Bahraich,3487731,1843884,1643847,1398368,878285,520083,1152160,895576,256584,447648,493760,215939,104762,65106,47690,2275746,754346,446242
181,UTTAR PRADESH,Shrawasti,1117361,593897,523464,423313,276700,146613,403755,293981,109774,155698,97160,56242,29567,19744,15648,723443,245098,143979
182,UTTAR PRADESH,Balrampur,2148665,1114721,1033944,868357,544943,323414,760253,534332,225921,379253,227932,122911,65516,40633,37109,1415213,442339,283947
183,UTTAR PRADESH,Gonda,3433919,1787146,1646773,1679994,1034181,645813,1170552,855848,314704,678171,425584,305644,192664,144067,118176,2223078,734903,464584
184,UTTAR PRADESH,Siddharthnagar,2559297,1295095,1264202,1228926,740718,488208,878898,583633,295265,676987,335977,204260,110056,73465,56516,1690396,504002,359977
185,UTTAR PRADESH,Basti,2464464,1255272,1209192,1393783,819719,574064,783688,558642,225046,470355,349221,324085,211477,162961,143642,1574037,519265,363891
186,UTTAR PRADESH,Sant Kabir Nagar,1715183,869656,845527,954949,567098,387851,539469,383482,155987,341757,290532,205875,129442,86528,63506,1108368,352395,250502
187,UTTAR PRADESH,Mahrajganj,2684703,1381754,1302949,1419144,881674,537470,994253,659465,334788,456350,388464,308064,185236,129222,95863,1694493,595114,370573
188,UTTAR PRADESH,Gorakhpur,4440895,2277777,2163118,2700328,1593890,1106438,1351629,1016876,334753,873031,618398,560246,425913,316166,273903,2755630,992114,659677
189,UTTAR PRADESH,Kushinagar,3564544,1818055,1746489,1954820,1183722,771098,1116973,804857,312116,836856,424892,367405,249265,170911,119625,2236842,772777,500373
190,UTTAR PRADESH,Deoria,3100946,1537436,1563510,1875239,1079288,795951,876246,639073,237173,602403,473097,449571,372031,277548,194341,1946336,664708,481219
191,UTTAR PRADESH,Azamgarh,4613913,2285004,2328909,2771917,1559414,1212503,1372032,941890,430142,831966,1344726,879745,489060,312571,158303,2930243,965876,699954
192,UTTAR PRADESH,Mau,2205968,1114709,1091259,1363044,773082,589962,696747,475413,221334,344570,410737,320743,256784,209493,150462,1402738,467343,323260
193,UTTAR PRADESH,Ballia,3239774,1672902,1566872,1963590,1160960,802630,1019483,723060,296423,436021,515010,443440,409484,323582,200434,1975934,724362,502628
194,UTTAR PRADESH,Jaunpur,4494204,2220465,2273739,2731677,1565394,1166283,1437375,934157,503218,665376,939616,769693,520111,353996,256398,2826453,927026,689979
195,UTTAR PRADESH,Ghazipur,3620268,1855075,1765193,2197549,1293553,903996,1204602,808700,395902,566504,691057,563310,449909,334003,186306,2234593,774130,556273
196,UTTAR PRADESH,Chandauli,1952756,1017905,934851,1174606,699454,475152,652543,462971,189572,295979,367768,276638,196240,135962,88299,1222695,437000,287767
197,UTTAR PRADESH,Varanasi,3676841,1921857,1754984,2403903,1389116,1014787,1220708,921234,299474,467782,608174,557052,447926,351391,281652,2260457,856070,531549
198,UTTAR PRADESH,Sant Ravidas Nagar (Bhadohi),1578213,807099,771114,910146,546782,363364,470608,343155,127453,257527,291926,232072,167524,120944,86533,1032294,331743,209920
199,UTTAR PRADESH,Mirzapur,2496970,1312302,1184668,1428683,865837,562846,881996,613061,268935,361642,421577,340261,232189,177109,140668,1590528,552177,346773
200,UTTAR PRADESH,Sonbhadra,1862559,971344,891215,985708,601988,383720,730399,463611,266788,306218,297226,212565,120822,82614,63846,1203938,418914,237866
201,UTTAR PRADESH,Etah,1774480,947339,827141,1055202,647042,408160,545984,440244,105740,238019,214091,201984,178434,119665,88607,1149372,383707,237427
202,UTTAR PRADESH,Kanshiram Nagar,1436719,764165,672554,724850,452803,272047,472765,375213,97552,256688,193410,150247,108558,61662,48079,946320,301252,183434
,,,,,,,,,,,,,,,,,,,,
,,,,,,,,,,,,,,,,,,,,
203,BIHAR,Pashchim Champaran,3935042,2061110,1873932,1759481,1091226,668255,1478947,999282,479665,1053481,543965,250243,159563,98732,70669,2544205,888205,497793
204,BIHAR,Purba Champaran,5099371,2681209,2418162,2276957,1407603,869354,1737539,1260774,476765,1280809,982506,450631,241118,121594,68781,3316422,1122340,648009
205,BIHAR,Sheohar,656246,346673,309573,283698,171645,112053,216372,166693,49679,128209,91277,37063,25657,16031,10091,421241,139909,93398
206,BIHAR,Sitamarhi,3423574,1803252,1620322,1436794,885188,551606,1114583,865929,248654,733380,394422,196321,136500,92783,70549,2206340,739982,449035
207,BIHAR,Madhubani,4487379,2329313,2158066,2155338,1340085,815253,1636938,1105947,530991,783888,771417,520875,303114,170563,137780,2860455,1009424,611899
208,BIHAR,Supaul,2229076,1155283,1073793,1033283,647672,385611,877682,551718,325964,467768,269737,157787,99530,69665,45726,1453438,495020,277610
209,BIHAR,Araria,2811569,1463333,1348236,1195768,727643,468125,1069893,708391,361502,625357,426625,206161,112955,68177,39627,1872943,612012,324091
210,BIHAR,Kishanganj,1690400,866970,823430,745056,439921,305135,529064,421192,107872,356401,235779,89025,42778,25989,15386,1139615,361114,188447
211,BIHAR,Purnia,3264619,1699370,1565249,1332326,805261,527065,1143318,803275,340043,668690,360243,184327,119259,83226,59996,2155512,696556,372692
212,BIHAR,Katihar,3071029,1600430,1470599,1280190,762256,517934,1013566,760522,253044,472616,444260,237243,133811,88498,57114,2054202,660403,353483
213,BIHAR,Madhepura,2001762,1047559,954203,834577,517666,316911,777546,496046,281500,340813,189431,114474,99437,79891,44955,1311771,444235,242382
214,BIHAR,Saharsa,1900661,997174,903487,804996,506374,298622,649898,456724,193174,348300,194897,104182,90182,64560,47051,1249692,415863,233870
215,BIHAR,Darbhanga,3937385,2059949,1877436,1816634,1125566,691068,1223640,947927,275713,672797,490534,332382,224622,152540,129597,2535344,865971,529314
216,BIHAR,Muzaffarpur,4801062,2527497,2273565,2509232,1487117,1022115,1547586,1195308,352278,1092952,743623,419433,299475,194920,138916,3016735,1079189,697108
217,BIHAR,Gopalganj,2562012,1267666,1294346,1382998,793905,589093,728201,539586,188615,540603,470828,291624,223776,123249,79109,1642807,546202,370662
218,BIHAR,Siwan,3330464,1675090,1655374,1930175,1115906,814269,932416,730396,202020,689880,612635,445257,355277,186817,119164,2115448,713597,498299
219,BIHAR,Saran,3951862,2022821,1929041,2157454,1285767,871687,1040231,857660,182571,793945,693465,433759,361171,213251,148065,2516115,847031,585386
220,BIHAR,Vaishali,3495021,1844535,1650486,1926740,1152576,774164,1060344,858648,201696,810191,487594,370247,291392,178320,124448,2176701,759132,486032
221,BIHAR,Samastipur,4261566,2230003,2031563,2142880,1293575,849305,1343400,1037576,305824,781038,710468,438908,284082,186153,129933,2766930,913339,568812
222,BIHAR,Begusarai,2970541,1567660,1402881,1548673,918507,630166,938182,715345,222837,577601,484502,291877,207136,144783,101836,1951688,644874,369996
223,BIHAR,Khagaria,1666886,883786,783100,768028,461153,306875,560805,398216,162589,350601,233494,130004,100555,65931,38697,1114645,355531,195796
224,BIHAR,Bhagalpur,3037766,1615663,1422103,1573066,937669,635397,983528,740056,243472,614644,524322,300767,247079,154643,118843,1952879,674660,397654
225,BIHAR,Banka,2034763,1067140,967623,965321,590961,374360,771080,517817,253263,408188,386707,196305,120653,63103,35767,1291235,462080,278863
226,BIHAR,Munger,1367765,729041,638724,801817,473741,328076,426658,327453,99205,226699,158699,146414,147152,101907,64469,860147,316713,188319
227,BIHAR,Lakhisarai,1000912,526345,474567,507270,305182,202088,326576,240494,86082,172076,149312,111684,85807,48001,27261,650642,218840,130655
228,BIHAR,Sheikhpura,636342,329743,306599,328676,196431,132245,224655,151569,73086,129673,110525,59529,52860,33856,19676,413475,136898,85045
229,BIHAR,Nalanda,2877653,1497060,1380593,1519933,919558,600375,1045420,703405,342015,581978,486266,320839,274556,177358,133032,1829128,642197,403129
230,BIHAR,Patna,5838465,3078512,2759953,3459679,2028047,1431632,1881886,1436411,445475,1244842,1095655,920051,698351,463361,452340,3626564,1382654,815638
231,BIHAR,Bhojpur,2728407,1430380,1298027,1599151,973486,625665,822493,640283,182210,581580,605307,367059,313509,163303,131137,1722387,613072,387389
232,BIHAR,Buxar,1706352,887977,818375,989807,593544,396263,538322,402180,136142,331675,420187,256124,178044,89306,64117,1074754,375372,253998
233,BIHAR,Kaimur (Bhabua),1626384,847006,779378,920276,549923,370353,511163,375959,135204,318859,294927,210899,147315,86815,70169,1039302,353413,226808
234,BIHAR,Rohtas,2959918,1543546,1416372,1799832,1061783,738049,924879,707939,216940,535187,548971,399053,333053,194928,161555,1875174,673742,407193
235,BIHAR,Aurangabad,2540073,1318684,1221389,1466002,868733,597269,837770,599157,238613,559512,482199,302662,253142,136783,91371,1626969,564571,340948
236,BIHAR,Gaya,4391418,2266566,2124852,2297613,1368803,928810,1664062,1076170,587892,902272,757690,447480,342254,191824,131163,2810026,936630,537333
237,BIHAR,Nawada,2219146,1144668,1074478,1091012,659474,431538,817041,539439,277602,601011,368649,195072,161127,95943,64585,1440781,485628,288805
238,BIHAR,Jamui,1760405,916064,844341,858588,534385,324203,727571,452288,275283,420472,317612,153973,104211,56137,29633,1135919,392052,227016
239,BIHAR,Jehanabad,1125313,585582,539731,618881,374412,244469,365378,266423,98955,211761,165906,117558,112966,68748,45519,714244,254582,155106
240,BIHAR,Arwal,700843,363497,337346,386351,235279,151072,236354,167991,68363,123288,118311,80704,81975,48822,27945,444448,156031,98550
,,,,,,,,,,,,,,,,,,,,
,,,,,,,,,,,,,,,,,,,,
241,SIKKIM,North  District,43709,24730,18979,30450,18579,11871,23359,15935,7424,6030,8276,6181,3223,1993,1406,27099,11674,4887
242,SIKKIM,West District,136435,70238,66197,93432,51988,41444,70348,40772,29576,30518,30827,19973,10005,6439,4831,84209,32520,19400
243,SIKKIM,South District,146850,76670,70180,106741,59357,47384,74753,45300,29453,24507,32427,22340,12415,7260,5766,87982,37318,20982
244,SIKKIM,East District,283583,151432,132151,214329,121345,92984,139678,92351,47327,33578,53789,45602,29215,19258,20904,165520,80354,37456
,,,,,,,,,,,,,,,,,,,,
,,,,,,,,,,,,,,,,,,,,
245,ARUNACHAL PRADESH,Tawang,49977,29151,20826,26073,17720,8353,28561,19554,9007,4904,4730,4029,2140,1989,1379,30709,13849,5399
246,ARUNACHAL PRADESH,West Kameng,83947,46155,37792,48492,29566,18926,42493,28313,14180,8836,10317,8428,5633,3987,2693,53026,22362,8493
247,ARUNACHAL PRADESH,East Kameng,78690,38775,39915,38449,21599,16850,31710,16424,15286,11713,10487,8852,6213,4510,2330,53752,17922,6960
248,ARUNACHAL PRADESH,Papum Pare,176573,89182,87391,121048,65794,55254,65772,41263,24509,15368,21956,21376,20007,17342,13840,120592,43812,11856
249,ARUNACHAL PRADESH,Upper Subansiri,83448,41758,41690,45278,24807,20471,33370,17898,15472,10219,16118,15339,10348,8017,4276,56054,20055,7230
250,ARUNACHAL PRADESH,West Siang,112274,58168,54106,64746,36777,27969,49177,29156,20021,14227,17675,15908,11441,8418,6030,70415,28305,13469
251,ARUNACHAL PRADESH,East Siang,99214,50116,49098,62576,34210,28366,40222,23591,16631,9938,13713,13968,10937,9498,6540,61993,25334,11802
252,ARUNACHAL PRADESH,Upper Siang,35320,18699,16621,18195,10723,7472,17644,9968,7676,3952,5584,4915,2935,2211,1349,21090,8910,5252
253,ARUNACHAL PRADESH,Changlang,148226,76948,71278,73174,44027,29147,62966,39329,23637,20425,22537,17354,10032,5641,3633,96630,35018,16414
254,ARUNACHAL PRADESH,Tirap,111975,57604,54371,47974,29313,18661,50169,27545,22624,13585,16989,12077,7834,4305,2134,71785,25669,14423
255,ARUNACHAL PRADESH,Lower Subansiri,83030,41843,41187,54057,29470,24587,30202,17339,12863,8492,10821,11661,9861,7674,5230,55258,20305,7412
256,ARUNACHAL PRADESH,Kurung Kumey,92076,45318,46758,36606,20258,16348,38044,18429,19615,12661,15054,12264,6997,4353,2031,64379,20713,6836
257,ARUNACHAL PRADESH,Dibang Valley,8004,4414,3590,4436,2614,1822,3555,2228,1327,696,1258,1060,809,656,356,5113,2088,786
258,ARUNACHAL PRADESH,Lower Dibang Valley,54080,28053,26027,31849,18087,13762,22326,14102,8224,5875,7957,7351,5508,3570,2795,35140,13254,5652
259,ARUNACHAL PRADESH,Lohit,145726,76221,69505,83062,48380,34682,60945,38910,22035,19306,25179,20643,13070,7612,5180,94890,35493,15195
260,ARUNACHAL PRADESH,Anjaw,21167,11507,9660,9990,6523,3467,10501,6224,4277,2879,2946,2170,1167,793,502,13913,4755,2456
,,,,,,,,,,,,,,,,,,,,
,,,,,,,,,,,,,,,,,,,,
261,NAGALAND,Mon,250260,131753,118507,119626,67432,52194,147654,79425,68229,37431,46055,30500,7628,3565,1772,168773,53600,27437
262,NAGALAND,Mokokchung,194622,101092,93530,159494,83479,76015,100067,57084,42983,20259,43483,54035,27425,13077,10299,111243,52853,30363
263,NAGALAND,Zunheboto,140757,71217,69540,102881,53504,49377,79466,41178,38288,16523,30889,35113,17282,8821,5560,91709,32267,16730
264,NAGALAND,Wokha,166343,84505,81838,128208,67385,60823,78412,42096,36316,15865,37024,41627,18746,10223,8030,106951,40510,18811
265,NAGALAND,Dimapur,378811,197394,181417,278037,150142,127895,151350,99645,51705,34539,61815,80076,44343,26712,27532,243392,98601,36618
266,NAGALAND,Phek,163418,83743,79675,105893,57926,47967,80277,41556,38721,22494,32722,30434,12785,7268,5926,108514,37842,16969
267,NAGALAND,Tuensang,196596,101933,94663,117511,63653,53858,98154,52931,45223,29602,40900,33514,15013,6008,2760,134573,43210,18762
268,NAGALAND,Longleng,50484,26502,23982,29859,16139,13720,30568,16273,14295,7986,11884,8672,3458,1695,595,33970,11210,5271
269,NAGALAND,Kiphire,74004,37830,36174,41232,22675,18557,31959,16780,15179,11197,15740,13645,5204,2052,997,52699,14955,6309
270,NAGALAND,Kohima,267988,138966,129022,197489,107038,90451,114825,68140,46685,21654,46756,57726,30518,19855,23439,173701,68485,25557
271,NAGALAND,Peren,95219,49714,45505,62204,34584,27620,61390,32249,29141,9248,24527,20732,8082,3938,2169,64393,21597,9156
,,,,,,,,,,,,,,,,,,,,
,,,,,,,,,,,,,,,,,,,,
272,MANIPUR,Senapati,479148,247323,231825,264477,148012,116465,233622,124143,109479,46757,81735,91395,62033,40438,24940,314439,111516,52008
273,MANIPUR,Tamenglong,140651,72371,68280,85006,47403,37603,70675,37237,33438,11155,28461,26794,17867,11645,7102,90273,33290,16924
274,MANIPUR,Churachandpur,274143,138820,135323,195935,104013,91922,122655,70594,52061,32860,67907,65475,38567,23284,14523,168608,67802,37096
275,MANIPUR,Bishnupur,237399,118782,118617,156333,87313,69020,109937,62807,47130,15941,36011,50004,31775,20077,20074,135220,62907,38815
276,MANIPUR,Thoubal,422168,210845,211323,269304,152617,116687,195319,109377,85942,32396,69738,87932,55803,37899,28550,251975,107196,62060
277,MANIPUR,Imphal West,517992,255054,262938,392626,205985,186641,213387,128540,84847,32811,66042,104229,77472,60821,81876,278940,148146,89394
278,MANIPUR,Imphal East,456113,226094,230019,324664,173314,151350,194848,117562,77286,38436,69144,99202,60422,47390,50647,261530,123439,70005
279,MANIPUR,Ukhrul,183998,94718,89280,129829,70148,59681,87929,46533,41396,20670,29382,38350,31734,22729,15636,113715,43646,25165
280,MANIPUR,Chandel,144182,74579,69603,90302,51053,39249,76238,42615,33623,17382,28163,30589,18971,12213,8105,86255,39324,18329
281,MIZORAM,Mamit,86364,44828,41536,60191,32977,27214,39339,24016,15323,9328,19711,19949,10756,3180,1771,55914,20082,10318
282,MIZORAM,Kolasib,83955,42918,41037,65895,34147,31748,36672,22733,13939,11367,18046,20399,9849,3473,2530,52147,20576,11167
283,MIZORAM,Aizawl,400309,199270,201039,340595,169547,171048,174636,104643,69993,29332,68214,100103,78752,37701,31310,235892,108094,56092
284,MIZORAM,Champhai,125745,63388,62357,100802,51440,49362,60342,34129,26213,14491,31359,30454,16259,4956,4087,78778,29690,17189
285,MIZORAM,Serchhip,64937,32851,32086,54476,27598,26878,32397,18261,14136,8771,14985,16237,9062,2915,2128,39568,15894,9404
286,MIZORAM,Lunglei,161428,82891,78537,121122,64515,56607,78292,46230,32062,22181,33313,34774,19918,8503,5509,100250,39690,21424
287,MIZORAM,Lawngtlai,117894,60599,57295,62861,36444,26417,45566,28517,17049,19890,21114,16629,10538,3763,2515,80723,25303,11831
288,MIZORAM,Saiha,56574,28594,27980,42233,21861,20372,19461,12211,7250,8422,14151,12130,7269,3628,2204,37127,12784,6636
,,,,,,,,,,,,,,,,,,,,
,,,,,,,,,,,,,,,,,,,,
289,TRIPURA,West Tripura,1725739,879428,846311,1361354,722998,638356,698178,500406,197772,248343,421485,451563,156277,88122,85405,940424,499719,284637
290,TRIPURA,South Tripura,876001,447544,428457,646810,351082,295728,366845,253229,113616,129846,223185,204201,70173,31690,26870,505558,236676,133424
291,TRIPURA,Dhalai,378230,194544,183686,276217,151643,124574,155831,105657,50174,64515,84516,74015,21430,9157,6425,232286,95548,50269
292,TRIPURA,North Tripura,693947,352860,341087,520402,275646,244756,248667,186034,62633,129329,179547,158211,47160,22720,18419,414878,178608,100274
,,,,,,,,,,,,,,,,,,,,
,,,,,,,,,,,,,,,,,,,,
293,MEGHALAYA,West Garo Hills,643291,324159,319132,358702,193438,165264,255693,151914,103779,85733,129178,90963,70941,29404,10856,427629,143604,70599
294,MEGHALAYA,East Garo Hills,317917,161223,156694,192147,102513,89634,126073,72262,53811,51578,70679,52762,31328,9473,2484,216742,70424,29926
295,MEGHALAYA,South Garo Hills,142334,73170,69164,82062,45003,37059,53069,32826,20243,25906,28921,21506,13858,3998,826,97082,30605,14495
296,MEGHALAYA,West Khasi Hills,383461,193715,189746,230678,117307,113371,163345,89694,73651,80318,78208,45046,28417,12295,6450,278569,69988,33431
297,MEGHALAYA,Ribhoi,258840,132531,126309,155859,80977,74882,106473,63871,42602,57680,58581,31103,20134,7632,3911,183343,52945,22365
298,MEGHALAYA,East Khasi Hills,825922,410749,415173,578030,287270,290760,326786,204303,122483,118135,163729,127722,94579,58836,61639,545961,192428,86576
299,MEGHALAYA,Jaintia Hills,395124,196285,198839,187527,87371,100156,154180,88839,65341,67749,61526,34677,26748,13544,8039,291097,72934,30362
,,,,,,,,,,,,,,,,,,,,
,,,,,,,,,,,,,,,,,,,,
300,ASSAM,Kokrajhar,887142,452905,434237,489305,275220,214085,341131,236322,104809,116899,166013,154715,78788,39571,17287,552671,224715,108956
301,ASSAM,Dhubri,1949258,997848,951410,922341,511551,410790,669819,524898,144921,253638,299724,250242,100387,65082,34401,1286592,439375,221745
302,ASSAM,Goalpara,1008183,513292,494891,563577,304302,259275,362573,267118,95455,124700,213510,183904,73683,39885,18294,650509,239831,117427
303,ASSAM,Barpeta,1693622,867004,826618,897058,499038,398020,561824,445297,116527,210607,307884,300845,121924,87377,46947,1072312,405046,215355
304,ASSAM,Morigaon,957423,486651,470772,539902,289698,250204,351148,257984,93164,130091,195656,179810,67969,40803,18462,612737,225224,118271
305,ASSAM,Nagaon,2823768,1439112,1384656,1710716,921850,788866,979998,766728,213270,392616,638088,576214,199792,115864,66994,1778277,678034,366112
306,ASSAM,Sonitpur,1924110,983904,940206,1108572,620525,488047,770606,537195,233411,216097,416218,377653,141373,90385,49901,1159991,501239,261648
307,ASSAM,Lakhimpur,1042137,529674,512463,683486,375552,307934,429995,282250,147745,126950,212080,217497,107326,82885,44212,639385,268872,133615
308,ASSAM,Dhemaji,686133,351249,334884,423028,237761,185267,316800,186577,130223,79107,138838,136371,80804,55399,28006,434221,169630,82051
309,ASSAM,Tinsukia,1327929,680231,647698,798322,453449,344873,557196,366623,190573,150893,266717,276292,109805,61040,38152,799874,352158,175377
310,ASSAM,Dibrugarh,1326335,676434,649901,884531,491361,393170,560557,368013,192544,143189,243607,301287,139813,89500,59380,767147,371864,186774
311,ASSAM,Sivasagar,1151050,589216,561834,813505,444767,368738,485717,325071,160646,115378,208891,280517,158118,96939,53437,648056,330947,171710
312,ASSAM,Jorhat,1092256,556805,535451,794929,432335,362594,498618,320746,177872,99454,201680,295444,128050,97025,62608,604908,315550,171062
313,ASSAM,Golaghat,1066888,543161,523727,721764,396475,325289,479928,309104,170824,117393,223902,261192,111145,66197,36887,629153,289085,148244
314,ASSAM,Karbi Anglong,956313,490167,466146,557214,314253,242961,383441,246193,137248,109324,212224,199289,93137,40602,18225,618633,233739,103123
315,ASSAM,Dima Hasao,214102,110802,103300,140873,78559,62314,85028,56323,28705,20780,43811,53736,27839,10859,5565,135463,53699,24830
316,ASSAM,Cachar,1736617,886284,850333,1174128,639946,534182,608062,469752,138310,256855,447993,379469,156156,79766,45341,1048990,444899,241776
317,ASSAM,Karimganj,1228686,625864,602822,795297,435942,359355,399171,319798,79373,198059,333885,257931,76685,39637,21408,779850,284368,163990
318,ASSAM,Hailakandi,659296,337890,321406,407366,226836,180530,214240,170792,43448,88596,177984,139029,50056,28504,11608,419921,156243,82841
319,ASSAM,Bongaigaon,738804,375818,362986,434078,237114,196964,255806,197542,58264,93591,138294,133643,55924,35491,20221,458796,184849,94939
320,ASSAM,Chirang,482162,244860,237302,259902,145869,114033,193894,128762,65132,64999,92943,84682,37792,17702,6594,301518,122244,58282
321,ASSAM,Kamrup,1517542,778461,739081,995319,550219,445100,628954,428492,200462,163849,290097,353861,154831,118849,55011,895775,408232,212740
322,ASSAM,Kamrup Metropolitan,1253938,647585,606353,1001191,537227,463964,490932,375613,115319,79177,160490,255522,148429,143478,167972,659453,401500,190908
323,ASSAM,Nalbari,771639,396006,375633,531771,293184,238587,267623,210202,57421,75866,141690,192771,81507,71734,39368,442061,211320,117809
324,ASSAM,Baksa,950075,481330,468745,572837,322614,250223,406756,266611,140145,95444,195643,225635,96782,53446,15422,563089,256282,130083
325,ASSAM,Darrang,928500,475273,453227,487039,268666,218373,324843,246864,77979,119027,163277,161153,59039,47398,22267,583436,226525,118102
326,ASSAM,Udalguri,831668,421617,410051,469926,264326,205600,345030,230690,114340,101146,155720,162369,63394,34334,14001,499214,221518,109962
,,,,,,,,,,,,,,,,,,,,
,,,,,,,,,,,,,,,,,,,,
327,WEST BENGAL,Darjiling,1846823,937259,909564,1315585,717673,597912,683726,479586,204140,183479,344865,402415,176129,113905,110193,1031221,523288,289979
328,WEST BENGAL,Jalpaiguri,3872846,1983064,1889782,2498780,1396622,1102158,1512910,1091361,421549,455854,765613,814395,292056,150360,129393,2259507,1035449,575667
329,WEST BENGAL,Koch Bihar,2819086,1451542,1367544,1850504,1028733,821771,1127977,845308,282669,393492,595555,590626,209153,93119,81100,1623320,744646,448761
330,WEST BENGAL,Uttar Dinajpur,3007134,1551066,1456068,1489667,853495,636172,1075626,799627,275999,402590,488047,422777,163106,73395,59457,1916033,704859,385155
331,WEST BENGAL,Dakshin Dinajpur,1676276,857199,819077,1083685,596474,487211,702987,499560,203427,247675,323965,327064,135556,63286,52345,937283,465982,271423
332,WEST BENGAL,Maldah,3988845,2051541,1937304,2086432,1152019,934413,1537847,1086461,451386,478902,629137,595551,238078,109719,92207,2511004,955283,520122
333,WEST BENGAL,Murshidabad,7103807,3627564,3476243,4055834,2177187,1878647,2589907,1985667,604240,837828,1428661,1210859,443254,230242,170051,4390564,1717594,991413
334,WEST BENGAL,Birbhum,3502404,1790920,1711484,2158447,1201481,956966,1331603,1029770,301833,417769,661190,622372,245201,122865,115743,2008655,952059,539463
335,WEST BENGAL,Barddhaman,7717563,3966889,3750674,5247208,2918040,2329168,2911251,2293083,618168,800473,1437198,1605634,698251,405935,439823,4149420,2265543,1292913
336,WEST BENGAL,Nadia,5167600,2653768,2513832,3480555,1878866,1601689,1842607,1554090,288517,605490,1093403,1052487,412193,236828,209562,2745828,1484986,934417
337,WEST BENGAL,North Twenty Four Parganas,10009781,5119389,4890392,7608693,4056046,3552647,3571624,2945189,626435,1090829,1874051,2094743,989053,670977,852923,5104876,2968996,1921143
338,WEST BENGAL,Hugli,5519145,2814653,2704492,4078388,2211777,1866611,2152870,1713608,439262,676265,1172797,1174912,515807,333658,380060,2766489,1688206,1060821
339,WEST BENGAL,Bankura,3596674,1838095,1758579,2232992,1299337,933655,1466220,1050822,415398,450029,545200,686924,261478,143882,133465,1942335,1014764,637834
340,WEST BENGAL,Puruliya,2930115,1496996,1433119,1624905,1002058,622847,1249642,801254,448388,299355,480046,528068,177459,91807,77621,1678057,764776,484166
341,WEST BENGAL,Haora,4850029,2500819,2349210,3605206,1942824,1662382,1819845,1498170,321675,516323,1059842,1084155,446743,284481,304594,2587164,1423304,833104
342,WEST BENGAL,Kolkata,4496694,2356766,2139928,3588137,1926915,1661222,1795740,1412466,383274,255171,597841,820902,555529,425245,691804,2025389,1433314,1014769
343,WEST BENGAL,South Twenty Four Parganas,8161961,4173778,3988183,5531657,3043277,2488380,2964494,2356571,607923,1119126,1775793,1657528,564417,316571,322157,4763943,2151474,1235558
344,WEST BENGAL,Paschim Medinipur,5913457,3007885,2905572,4078412,2266913,1811499,2509159,1757358,751801,831300,1139784,1289873,477973,262072,211437,3243971,1664250,990179
345,WEST BENGAL,Purba Medinipur,5095875,2629834,2466041,3923194,2149073,1774121,1910320,1516096,394224,776367,1219166,1289927,444668,236549,184225,2866678,1384242,842025
,,,,,,,,,,,,,,,,,,,,
,,,,,,,,,,,,,,,,,,,,
346,JHARKHAND,Garhwa,1322784,683575,639209,653476,405161,248315,571431,335451,235980,207665,195565,147446,87844,46882,28144,860869,284036,177599
347,JHARKHAND,Chatra,1042886,533935,508951,510061,303902,206159,397690,251213,146477,200861,161729,102033,63670,35342,21697,692650,222892,126682
348,JHARKHAND,Kodarma,716259,367222,349037,390249,238780,151469,257418,173993,83425,129677,130315,80561,52622,26415,20907,462098,158603,95309
349,JHARKHAND,Giridih,2445474,1258098,1187376,1253475,783736,469739,1036277,623946,412331,503261,443980,261309,146464,77540,55122,1597269,533788,312967
350,JHARKHAND,Deoghar,1492073,775022,717051,793538,489837,303701,551467,383691,167776,217460,266292,190171,96331,54419,43979,944961,338413,205514
351,JHARKHAND,Godda,1313551,677927,635624,604519,376212,228307,552191,344019,208172,217607,190777,126766,79430,47395,30870,820367,308639,183519
352,JHARKHAND,Sahibganj,1150567,589391,561176,483263,287303,195960,490202,295690,194512,146399,171416,110822,52248,28087,19832,745027,261849,137727
353,JHARKHAND,Pakur,900422,452661,447761,352881,206989,145892,404584,234012,170572,100367,133770,79045,29934,15700,9822,587976,206826,104418
354,JHARKHAND,Dhanbad,2684487,1405956,1278531,1722204,1014950,707254,844504,658851,185653,317918,501453,449506,305054,186697,107382,1634835,648876,356445
355,JHARKHAND,Bokaro,2062330,1072807,989523,1273520,759088,514432,685368,507677,177691,242467,338861,342646,232434,154076,116396,1261238,510375,282115
356,JHARKHAND,Lohardaga,461790,232629,229161,259707,149568,110139,221332,121605,99727,82873,84920,63545,38503,21987,13847,298844,100340,62244
357,JHARKHAND,Purbi Singhbhum,2293919,1176902,1117017,1507699,856526,651173,837167,616249,220918,202047,346644,369670,278853,162210,157688,1292595,632314,368148
358,JHARKHAND,Palamu,1939869,1006302,933567,1024563,621706,402857,713175,473042,240133,303053,296937,231565,160964,100290,63595,1244572,425668,268387
359,JHARKHAND,Latehar,726978,369666,357312,350682,209706,140976,313379,180106,133273,109491,121529,88787,46142,23885,13956,484084,152720,89870
360,JHARKHAND,Hazaribagh,1734495,890881,843614,1013249,596113,417136,654636,423472,231164,253962,322344,255576,173378,99945,79898,1107452,396466,230033
361,JHARKHAND,Ramgarh,949443,494230,455213,596497,350031,246466,312125,234202,77923,115199,138748,134324,101381,70249,47207,594747,230525,123794
362,JHARKHAND,Dumka,1321442,668514,652928,672409,406275,266134,624779,367108,257671,229157,229259,149009,69525,38383,25593,799323,324226,196164
363,JHARKHAND,Jamtara,791042,404830,386212,426312,258260,168052,326631,214740,111891,131150,132014,85745,40613,22995,14802,480895,189889,116810
364,JHARKHAND,Ranchi,2914253,1494937,1419316,1911433,1085244,826189,1142867,743967,398900,361522,547583,495515,370847,247237,195181,1742293,725938,409166
365,JHARKHAND,Khunti,531885,266335,265550,284575,164741,119834,259984,141123,118861,64029,89730,89924,48591,20689,10130,327152,125649,78736
366,JHARKHAND,Gumla,1025213,514390,510823,559720,321795,237925,487508,264774,222734,136719,242580,182260,82114,45613,23742,643579,225871,155452
367,JHARKHAND,Simdega,599578,300309,299269,343483,191991,151492,288645,159867,128778,82317,130068,97580,47836,24842,13674,357859,143560,97817
368,JHARKHAND,Pashchimi Singhbhum,1502338,749385,752953,727561,439273,288288,694863,392690,302173,290007,461276,202752,79516,35824,10743,960987,353305,187635
369,JHARKHAND,Saraikela-Kharsawan,1065056,544411,520645,612993,365332,247661,430051,283281,146770,134506,259984,177763,106348,49944,29840,634975,265892,161542
,,,,,,,,,,,,,,,,,,,,
,,,,,,,,,,,,,,,,,,,,
370,ORISSA,Bargarh,1481255,749161,732094,983783,557217,426566,762092,473305,288787,205253,310784,247014,147217,58840,49238,787033,410005,282422
371,ORISSA,Jharsuguda,579505,296690,282815,405879,228092,177787,247707,172018,75689,69122,101541,103622,70928,32909,22010,320156,159477,98555
372,ORISSA,Sambalpur,1041099,526877,514222,703691,393192,310499,505840,313161,192679,133005,185289,171876,108455,50705,45828,565700,286575,186726
373,ORISSA,Debagarh,312520,158230,154290,197819,112649,85170,165435,92384,73051,47615,58231,54088,27415,13420,9041,176062,81789,53989
374,ORISSA,Sundargarh,2093437,1061147,1032290,1342322,750147,592175,873227,584687,288540,208100,350349,335380,243386,120373,94710,1188918,573238,324436
375,ORISSA,Kendujhar,1801733,906487,895246,1052518,605119,447399,766514,498077,268437,214518,287402,289350,158035,70059,57762,1038890,472908,282751
376,ORISSA,Mayurbhanj,2519738,1256213,1263525,1369397,794171,575226,1223534,697782,525752,283489,390037,385216,214921,92060,72847,1449729,650135,414076
377,ORISSA,Baleshwar,2320529,1185787,1134742,1621232,902359,718873,932707,684020,248687,342192,470502,416510,267354,112392,105962,1303828,622575,390611
378,ORISSA,Bhadrak,1506337,760260,746077,1094140,596269,497871,468599,409559,59040,210736,391081,297270,177013,71815,67536,848660,393629,260486
379,ORISSA,Kendrapara,1440361,717814,722547,1089265,579970,509295,466890,386382,80508,218444,357621,298557,203472,76449,75926,771284,374559,290894
380,ORISSA,Jagatsinghapur,1136971,577865,559106,889027,481049,407978,403649,325589,78060,151737,251767,251332,185671,72703,70602,577896,317148,238753
381,ORISSA,Cuttack,2624470,1352760,1271710,2011469,1103033,908436,936365,761876,174489,289414,545514,513039,328319,159456,181601,1372301,743090,499895
382,ORISSA,Jajapur,1827192,926034,901158,1290455,706396,584059,552234,486091,66143,261077,433653,330016,223657,96963,87623,1010147,479392,332706
383,ORISSA,Dhenkanal,1192811,612593,580218,829910,464093,365817,435533,340552,94981,188872,238599,193395,132002,53162,43064,641697,326233,222398
384,ORISSA,Anugul,1273821,655718,618103,869456,494425,375031,526520,360947,165573,180523,265782,204235,129226,58029,45588,708493,347521,213517
385,ORISSA,Nayagarh,962789,502636,460153,688362,392333,296029,343633,284591,59042,174904,227102,177180,90089,36951,33148,502136,262086,196994
386,ORISSA,Khordha,2251673,1167137,1084536,1749936,957515,792421,792193,645880,146313,276378,445785,436534,295099,177974,247498,1199521,653346,391701
387,ORISSA,Puri,1698730,865380,833350,1291939,704857,587082,621676,498461,123215,251520,413605,364098,179086,84374,87000,888134,477430,328666
388,ORISSA,Ganjam,3529031,1779218,1749813,2210050,1262652,947398,1501772,990027,511745,518072,767140,508511,297490,121151,97147,1980232,924756,613249
389,ORISSA,Gajapati,577817,282882,294935,262537,153663,108874,293933,155907,138026,68405,76419,54787,36977,17084,12556,345387,144043,85072
390,ORISSA,Kandhamal,733110,359945,373165,399786,233900,165886,355349,193515,161834,108606,145604,108773,48856,21351,14962,436625,177471,117777
391,ORISSA,Baudh,441162,221625,219537,271612,158648,112964,219457,125627,93830,74205,98316,67549,30799,12500,8124,253467,111571,75046
392,ORISSA,Subarnapur,610183,311312,298871,398421,230393,168028,286661,181595,105066,86120,139994,105846,65368,25556,16745,341561,153760,113450
393,ORISSA,Balangir,1648997,830097,818900,927260,545672,381588,720601,469956,250645,240180,298288,226728,116297,54694,42401,904026,430011,310876
394,ORISSA,Nuapada,610382,301962,308420,299383,180903,118480,305438,168155,137283,64389,114394,73787,51886,19577,10131,344075,152681,112325
395,ORISSA,Kalahandi,1576869,787101,789768,802036,484177,317859,751930,447290,304640,213426,225468,172905,94044,40383,27385,880160,415778,275533
396,ORISSA,Rayagada,967911,471960,495951,407735,241959,165776,467122,258032,209090,84956,97387,73210,46001,21439,17681,577569,245766,140825
397,ORISSA,Nabarangapur,1220946,604812,616134,470379,286984,183395,610906,342641,268265,116468,155611,95988,44522,16463,11198,745206,297552,171761
398,ORISSA,Koraput,1379647,678809,700838,568090,340843,227247,693406,384053,309353,158847,158653,98266,60589,32257,29000,818578,348803,207206
399,ORISSA,Malkangiri,613192,303624,309568,244706,147001,97705,310666,170495,140171,60913,64683,44962,19031,8487,5585,381913,146355,83284
,,,,,,,,,,,,,,,,,,,,
,,,,,,,,,,,,,,,,,,,,
400,CHHATTISGARH,Koriya,658917,334737,324180,397823,229923,167900,307071,185483,121588,143413,109639,87969,47127,38677,26802,399581,165022,94073
401,CHHATTISGARH,Surguja,2359886,1193129,1166757,1187941,694686,493255,1155807,649888,505919,364452,338509,281260,135374,105992,64607,1441436,561915,355077
402,CHHATTISGARH,Jashpur,851669,424747,426922,495415,280656,214759,487360,263645,223715,120768,137681,127299,64188,50562,26161,488965,214455,148100
403,CHHATTISGARH,Raigarh,1493984,750278,743706,951639,542756,408883,690167,429211,260956,246480,260661,210964,130700,93340,66358,841958,398257,253488
404,CHHATTISGARH,Korba,1206640,612915,593725,748759,433391,315368,521186,333329,187857,178191,188303,168387,89167,83166,61215,729708,309479,166959
405,CHHATTISGARH,Janjgir - Champa,1619707,815717,803990,1019634,593679,425955,846466,478278,368188,257020,241692,241761,152183,127543,58712,975114,383172,260898
406,CHHATTISGARH,Bilaspur,2663629,1351574,1312055,1596560,932474,664086,1203197,715467,487730,382091,407692,337793,189296,152838,134637,1625484,655032,380114
407,CHHATTISGARH,Kabeerdham,822526,412058,410468,414167,248503,165664,404156,217073,187083,126806,123840,84147,37650,28074,16671,515971,198517,107854
408,CHHATTISGARH,Rajnandgaon,1537133,762855,774278,1008379,561355,447024,800092,436611,363481,263447,287436,267653,105149,82141,51698,898915,404418,233068
409,CHHATTISGARH,Durg,3343872,1682101,1661771,2303378,1284612,1018766,1496805,921729,575076,463598,573291,497668,309508,286244,202424,1919832,898241,523656
410,CHHATTISGARH,Raipur,4063872,2048186,2015686,2629749,1493158,1136591,1757664,1099964,657700,618508,664470,552373,313247,267265,227382,2454299,1038155,560184
411,CHHATTISGARH,Mahasamund,1032754,511967,520787,637963,364089,273874,499260,291858,207402,179770,194739,152183,78583,57949,33357,582544,272009,177826
412,CHHATTISGARH,Dhamtari,799781,397897,401884,546833,303924,242909,402895,226382,176513,143128,148544,120146,65196,58875,31319,461125,213021,125429
413,CHHATTISGARH,Uttar Bastar Kanker,748941,373338,375603,456042,258298,197744,389359,217513,171846,135206,124893,100674,47002,43956,21410,437598,197603,113450
414,CHHATTISGARH,Bastar,1413199,698487,714712,650863,382335,268528,726531,404364,322167,183667,178766,139330,60936,57413,32895,864272,358157,189569
415,CHHATTISGARH,Narayanpur,139820,70104,69716,56621,33449,23172,71089,38186,32903,16980,16034,9513,4158,4488,2216,91338,33956,14367
416,CHHATTISGARH,Dakshin Bastar Dantewada,533638,264142,269496,191237,116529,74708,286595,153294,133301,40079,39023,27720,16665,16905,11197,334987,140188,58170
417,CHHATTISGARH,Bijapur,255230,128663,126567,86919,54076,32843,134525,71591,62934,25597,22787,14170,7192,6755,3421,167348,63802,23927
,,,,,,,,,,,,,,,,,,,,
,,,,,,,,,,,,,,,,,,,,
418,MADHYA PRADESH,Sheopur,687861,361784,326077,328025,208201,119824,277455,183788,93667,90911,70840,43009,37072,24732,17091,449974,155063,82416
419,MADHYA PRADESH,Morena,1965970,1068417,897553,1179685,747652,432033,675993,525329,150664,288979,285682,228234,170254,115790,71005,1254302,452484,257704
420,MADHYA PRADESH,Bhind,1703005,926843,776162,1094917,676513,418404,520768,455775,64993,202629,261162,199044,140743,96011,50222,1040736,399676,258588
421,MADHYA PRADESH,Gwalior,2032036,1090327,941709,1357210,803114,554096,685311,548820,136491,235648,235924,204871,193082,166719,193947,1218319,519728,291451
422,MADHYA PRADESH,Datia,786754,420157,366597,491445,303815,187630,321160,225662,95498,132176,131372,88949,73398,48978,34853,473097,195131,118186
423,MADHYA PRADESH,Shivpuri,1726050,919795,806255,900846,573242,327604,759281,481001,278280,261087,214162,125117,84684,58509,44812,1106084,389652,227989
424,MADHYA PRADESH,Tikamgarh,1445166,760355,684811,747940,459353,288587,655318,402776,252542,202448,188694,143231,78053,58245,35034,898323,343824,201875
425,MADHYA PRADESH,Chhatarpur,1762375,936121,826254,943033,572010,371023,751797,481518,270279,270951,236054,160310,112961,77787,59704,1112636,394060,252417
426,MADHYA PRADESH,Panna,1016520,533480,483040,552559,332140,220419,431998,275375,156623,171707,134936,99251,70359,47903,29795,635347,235035,144827
427,MADHYA PRADESH,Sagar,2378458,1256257,1122201,1545719,908607,637112,1006035,682077,323958,347752,426916,297079,214137,137899,116753,1470688,569166,335432
428,MADHYA PRADESH,Damoh,1264219,661873,602346,747715,445737,301978,574595,367711,206884,197917,217296,150040,95032,64414,41158,768929,312593,181403
429,MADHYA PRADESH,Satna,2228935,1157495,1071440,1371781,801051,570730,911349,590487,320862,338947,334635,309536,197373,148091,105499,1365647,535086,326049
430,MADHYA PRADESH,Rewa,2365106,1225100,1140006,1441757,845572,596185,991946,617184,374762,344362,330131,312931,206274,180635,122371,1460075,540235,362228
431,MADHYA PRADESH,Umaria,644758,330674,314084,356672,210907,145765,289691,175698,113993,90791,94011,74854,43418,27216,18144,403030,158140,82984
432,MADHYA PRADESH,Neemuch,826067,422653,403414,508834,307889,200945,418682,245708,172974,137656,127167,83189,69134,53465,42343,476995,217403,131227
433,MADHYA PRADESH,Mandsaur,1340411,682851,657560,834591,502898,331693,679723,397714,282009,244891,217234,149219,109751,77219,52546,781000,346861,211815
434,MADHYA PRADESH,Ratlam,1455069,738241,716828,825880,485090,340790,690980,411446,279534,224715,194131,129392,111461,86507,67192,876905,363858,213560
435,MADHYA PRADESH,Ujjain,1986864,1016289,970575,1240990,730817,510173,897442,569425,328017,286534,280030,178295,159263,119586,111290,1156749,508302,320502
436,MADHYA PRADESH,Shajapur,1512681,780520,732161,894612,543509,351103,717871,431857,286014,271215,239081,141225,111366,75967,48671,901161,369741,240768
437,MADHYA PRADESH,Dewas,1563715,805359,758356,925369,550716,374653,742676,451501,291175,242508,225380,149522,125772,94403,55383,943954,388648,230280
438,MADHYA PRADESH,Dhar,2185793,1112725,1073068,1077338,638479,438859,1027974,597079,430895,262090,244058,164576,134279,99882,66721,1377326,533243,273050
439,MADHYA PRADESH,Indore,3276697,1699627,1577070,2309130,1289631,1019499,1268195,939055,329140,428413,472233,384611,362209,300076,382658,1877270,894464,493096
440,MADHYA PRADESH,Khargone (West Nimar),1873046,953121,919925,986234,575428,410806,894119,518254,375865,287410,256930,152267,114246,89581,64150,1166866,450248,254570
441,MADHYA PRADESH,Barwani,1385881,699340,686541,549926,313642,236284,653897,365928,287969,157337,137116,74067,59100,42649,30754,923665,302833,158594
442,MADHYA PRADESH,Rajgarh,1545814,790212,755602,804245,488797,315448,745603,429768,315835,239738,174381,103464,96386,72316,51499,935230,363218,246447
443,MADHYA PRADESH,Vidisha,1458875,769568,689307,862918,512344,350574,550402,401583,148819,242021,214603,123650,104007,65581,59814,919239,335690,203005
444,MADHYA PRADESH,Bhopal,2371061,1236130,1134931,1660690,920314,740376,867457,644960,222497,229082,303171,287198,211371,178165,266618,1405814,625594,330291
445,MADHYA PRADESH,Sehore,1311332,683743,627589,780362,469208,311154,586087,364559,221528,193885,179388,136284,120687,77541,50655,817608,305605,187611
446,MADHYA PRADESH,Raisen,1331597,700358,631239,820220,479093,341127,517838,370366,147472,237981,210402,144108,117908,69419,48384,832939,316319,181524
447,MADHYA PRADESH,Betul,1575362,799236,776126,939769,529783,409986,786980,453887,333093,239114,232532,176325,140402,105696,82761,938819,392728,242592
448,MADHYA PRADESH,Harda,570465,294838,275627,352550,203807,148743,230979,156852,74127,90059,87733,60757,46556,31939,27126,347774,138882,83417
449,MADHYA PRADESH,Hoshangabad,1241350,648725,592625,810644,469199,341445,478082,345435,132647,159703,183156,145076,119682,89589,84769,730768,318232,191501
450,MADHYA PRADESH,Katni,1292042,662013,630029,790773,460583,330190,543874,348410,195464,198447,207366,161727,112242,80935,53578,778414,326582,185857
451,MADHYA PRADESH,Jabalpur,2463289,1277278,1186011,1756468,980307,776161,1005624,705970,299654,267932,352284,313910,268333,222987,235072,1387369,679185,391903
452,MADHYA PRADESH,Narsimhapur,1091854,568810,523044,718785,413491,305294,477818,323464,154354,160765,180070,128758,109996,82020,52763,620415,289560,180831
453,MADHYA PRADESH,Dindori,704524,351913,352611,378714,222759,155955,389925,203383,186542,103002,113875,84065,49277,31104,15179,419531,181841,102522
454,MADHYA PRADESH,Mandla,1054905,525272,529633,604962,348033,256929,559649,300235,259414,156711,170994,115632,82166,58066,35476,614794,278553,160510
455,MADHYA PRADESH,Chhindwara,2090922,1064468,1026454,1294198,731294,562904,957984,582263,375721,284113,336391,225747,215098,167946,112383,1232263,535316,321977
456,MADHYA PRADESH,Seoni,1379131,695879,683252,864194,485341,378853,684434,394660,289774,223650,241327,151636,116124,84398,55984,809922,363037,205237
457,MADHYA PRADESH,Balaghat,1701698,842178,859520,1147623,626468,521155,893014,488610,404404,290699,312640,235251,168635,126308,74213,969773,453605,276799
458,MADHYA PRADESH,Guna,1241519,649362,592157,653980,400537,253443,514897,335454,179443,197902,157141,84560,79924,50724,42147,793150,285176,162104
459,MADHYA PRADESH,Ashoknagar,845071,443837,401234,469109,290304,178805,315270,231829,83441,148647,117053,62802,51499,29551,22791,535410,194772,114131
460,MADHYA PRADESH,Shahdol,1066063,540021,526042,604194,348761,255433,493057,292402,200655,161972,154282,128427,80402,60915,46513,645619,269145,150655
461,MADHYA PRADESH,Anuppur,749237,379114,370123,436595,254120,182475,346471,207401,139070,113208,115716,93450,58536,42743,31646,444954,193520,109813
462,MADHYA PRADESH,Sidhi,1127033,575912,551121,600785,353030,247755,461760,284289,177471,185550,168224,129344,80312,60845,33067,721531,253685,150959
463,MADHYA PRADESH,Singrauli,1178273,613637,564636,585054,359923,225131,499439,304234,195205,189929,150446,103971,61089,42434,30597,771725,267189,138276
464,MADHYA PRADESH,Jhabua,1025048,515023,510025,352081,214582,137499,515121,265489,249632,98308,79781,40466,38236,28990,20240,684200,220769,119681
465,MADHYA PRADESH,Alirajpur,728999,362542,366457,209754,120905,88849,366797,188698,178099,43866,44457,22410,18213,15358,10040,488848,155328,84149
466,MADHYA PRADESH,Khandwa (East Nimar),1310061,674329,635732,731615,432259,299356,612976,369676,243300,203486,201537,115166,77010,56847,42771,809091,313456,186928
467,MADHYA PRADESH,Burhanpur,757847,388504,369343,408679,233073,175606,328339,211925,116414,107547,119468,69765,57058,42618,28237,469838,181605,106034
,,,,,,,,,,,,,,,,,,,,
,,,,,,,,,,,,,,,,,,,,
468,GUJARAT,Kachchh,2092371,1096737,995634,1252319,739239,513080,776228,624704,151524,246956,469402,141345,157284,61366,60386,1278604,524052,286086
469,GUJARAT,Banas Kantha,3120506,1610379,1510127,1704923,1048402,656521,1248600,836268,412332,366867,859436,159433,226765,105372,66950,1984701,738412,394793
470,GUJARAT,Patan,1343734,694397,649337,837913,494631,343282,554830,383074,171756,168990,364667,78731,129584,57494,46355,786357,341381,213465
471,GUJARAT,Mahesana,2035064,1056520,978544,1502645,847499,655146,812064,588699,223365,260278,467128,183468,266108,139208,130723,1119451,554432,357578
472,GUJARAT,Sabar Kantha,2428589,1244231,1184358,1578734,918625,660109,1084878,681435,403443,214062,597667,211423,333650,198963,110817,1393131,630963,400905
473,GUJARAT,Gandhinagar,1391753,723864,667889,1030494,582686,447808,534976,408075,126901,136131,363156,133594,196456,95730,108400,769329,391862,224886
474,GUJARAT,Ahmadabad,7214225,3788051,3426174,5435760,3025463,2410297,2594952,2127547,467405,761358,1614370,805199,1135058,549188,839295,3952858,2043895,1198152
475,GUJARAT,Surendranagar,1756268,909917,846351,1093626,643221,450405,723500,504038,219462,234873,482679,165406,172947,61164,58389,1033435,439352,280582
476,GUJARAT,Rajkot,3804558,1974445,1830113,2725056,1514075,1210981,1479050,1159480,319570,383780,913928,402240,540278,204306,266295,2080568,1052871,659576
477,GUJARAT,Jamnagar,2160119,1114192,1045927,1396534,795140,601394,847440,646822,200618,255785,491009,194057,199634,74029,87523,1220598,576319,358455
478,GUJARAT,Porbandar,585449,300209,285240,393678,221621,172057,231169,174118,57051,50588,150643,71637,63458,25119,22458,314886,163777,105638
479,GUJARAT,Junagadh,2743082,1404356,1338726,1842818,1046981,795837,1123709,801859,321850,271762,700258,294811,311849,137505,139957,1527888,749156,461650
480,GUJARAT,Amreli,1514190,771049,743141,995459,558180,437279,657139,453642,203497,230474,412251,120625,149478,66785,50999,836343,389892,282409
481,GUJARAT,Bhavnagar,2880365,1490201,1390164,1887255,1087371,799884,1150632,838781,311851,422461,929286,266953,281250,96241,93391,1708938,720241,445121
482,GUJARAT,Anand,2092745,1087224,1005521,1551253,874481,676772,844794,627561,217233,257524,560542,229013,283571,127459,110351,1134962,585093,366419
483,GUJARAT,Kheda,2299885,1185727,1114158,1660243,942480,717763,933983,674586,259397,295057,641541,250044,310341,148530,84223,1260660,628221,388646
484,GUJARAT,Panch Mahals,2390776,1226961,1163815,1440805,858054,582751,1097507,673565,423942,255905,601358,205420,283648,139773,71810,1421859,599925,363391
485,GUJARAT,Dohad,2127086,1068651,1058435,1007171,599035,408136,999124,540881,458243,214098,392739,114168,156556,95794,41458,1402616,467115,252153
486,GUJARAT,Vadodara,4165626,2153736,2011890,2893080,1614087,1278993,1693473,1233312,460161,396624,865726,457662,504732,268451,314960,2213474,1190041,733710
487,GUJARAT,Narmada,590297,301086,289211,370336,211767,158569,294795,174282,120513,76197,146661,58188,52687,28396,14748,336830,157910,93466
488,GUJARAT,Bharuch,1551019,805707,745312,1118276,623047,495229,627124,468919,158205,161675,367060,164765,188539,83895,74380,844298,442523,254728
489,GUJARAT,The Dangs,228291,113821,114470,140968,77314,63654,118257,61329,56928,43639,59954,17736,14872,7560,3490,146095,51821,30027
490,GUJARAT,Navsari,1329672,678165,651507,1001909,539471,462438,591834,407881,183953,145678,266733,140235,190861,112460,85041,673014,390349,258957
491,GUJARAT,Valsad,1705678,887222,818456,1170657,655528,515129,743245,516188,227057,165459,303197,171712,212318,123281,90912,944532,485874,259906
492,GUJARAT,Surat,6081322,3402224,2679098,4571410,2687468,1883942,2553542,2142819,410723,566242,1332690,807021,896927,433651,379505,3563443,1740746,723415
493,GUJARAT,Tapi,807022,402188,404834,490036,269007,221029,450902,251049,199853,84559,174139,75545,86580,49482,31743,422047,235019,144575
,,,,,,,,,,,,,,,,,,,,
,,,,,,,,,,,,,,,,,,,,
494,DAMAN AND DIU,Diu,52074,25642,26432,38058,20327,17731,15750,12932,2818,1872,7668,8545,9051,4367,1906,30475,13932,7599
495,DAMAN AND DIU,Daman,191173,124659,66514,150348,104316,46032,105521,94502,11019,8957,28094,30406,26991,14170,9128,122589,52868,15428
,,,,,,,,,,,,,,,,,,,,
,,,,,,,,,,,,,,,,,,,,
496,DADRA AND NAGAR HAVELI,Dadra AND Nagar Haveli,343709,193760,149949,223230,142521,80709,157161,119293,37868,24701,69140,32004,37809,22700,19655,225103,87888,30346
,,,,,,,,,,,,,,,,,,,,
,,,,,,,,,,,,,,,,,,,,
497,MAHARASHTRA,Nandurbar,1648295,833170,815125,906509,512099,394410,792065,442898,349167,166664,218718,121404,160961,113019,58461,1011352,390419,241534
498,MAHARASHTRA,Dhule,2050862,1054031,996831,1293916,723388,570528,936370,570448,365922,200494,323641,208571,290656,182739,114931,1167569,513908,350747
499,MAHARASHTRA,Jalgaon,4229917,2197365,2032552,2891882,1629223,1262659,1863571,1186472,677099,482462,735730,532587,627198,375643,229987,2352671,1080237,763529
500,MAHARASHTRA,Buldana,2586258,1337560,1248698,1879874,1048892,830982,1219641,734024,485617,315408,457067,400342,406379,228266,113783,1467457,641840,473071
501,MAHARASHTRA,Akola,1813906,932334,881572,1411281,758977,652304,768154,520362,247792,231841,328367,275264,291391,205723,112574,998769,483200,327932
502,MAHARASHTRA,Washim,1197160,620302,576858,869917,487703,382214,569792,340353,229439,166509,238985,160331,162762,116032,47865,682919,302425,210185
503,MAHARASHTRA,Amravati,2888445,1480768,1407677,2251875,1207104,1044771,1236322,837577,398745,326195,468853,463051,525116,346876,203273,1540590,783549,553265
504,MAHARASHTRA,Wardha,1300774,668385,632389,1019458,552617,466841,608235,392316,215919,140470,186781,201471,225208,158055,93772,659540,370227,270107
505,MAHARASHTRA,Nagpur,4653570,2384975,2268595,3673808,1959220,1714588,1868560,1334211,534349,325084,666693,812381,790443,542228,493236,2460820,1361821,818467
506,MAHARASHTRA,Bhandara,1200334,605520,594814,899860,488709,411151,597305,345054,252251,115150,187870,208902,204435,153749,67061,626978,333120,232754
507,MAHARASHTRA,Gondiya,1322507,661554,660953,1004243,542837,461406,665419,383151,282268,138457,237888,231153,225595,159570,57923,704214,371908,244111
508,MAHARASHTRA,Gadchiroli,1072942,541328,531614,708365,395110,313255,584237,323338,260899,108850,145767,139482,140345,95911,35809,605217,289448,175518
509,MAHARASHTRA,Chandrapur,2204307,1123834,1080473,1578615,872565,706050,1058172,648565,409607,243773,316192,337320,351610,241179,126488,1163802,629890,403719
510,MAHARASHTRA,Yavatmal,2772348,1419965,1352383,2022574,1115980,906594,1355999,815475,540524,391944,562739,382001,389924,245819,123074,1549263,733258,483813
511,MAHARASHTRA,Nanded,3361292,1730075,1631217,2189425,1255222,934203,1493953,925232,568721,416869,691348,368723,416761,255650,156225,2008314,809135,535827
512,MAHARASHTRA,Hingoli,1177345,606294,571051,790743,450551,340192,569182,330903,238279,175736,266649,127246,136075,74544,38698,692117,281905,201828
513,MAHARASHTRA,Parbhani,1836086,942870,893216,1157814,666291,491523,822797,501422,321375,229217,396713,204316,229103,116041,81333,1078349,436486,313455
514,MAHARASHTRA,Jalna,1959046,1011473,947573,1195523,699428,496095,930886,545030,385856,271061,422207,218189,225331,120715,64060,1150104,454836,341479
515,MAHARASHTRA,Aurangabad,3701282,1924469,1776813,2503837,1430936,1072901,1575079,1015864,559215,381695,686271,422964,537936,310762,253253,2211996,909771,571932
516,MAHARASHTRA,Nashik,6107187,3157186,2950001,4345366,2397538,1947828,2763328,1746286,1017042,544346,1038955,851714,830070,485052,373100,3580633,1567252,948469
517,MAHARASHTRA,Thane,11060148,5865078,5195070,8227161,4591396,3635765,4492767,3363123,1129644,712171,1530916,1588196,1751284,1080597,961719,6184519,3241888,1579921
518,MAHARASHTRA,Mumbai Suburban,9356962,5031323,4325639,7575485,4223029,3352456,3735021,2944322,790699,512268,1140066,1628031,1914168,1091433,1183117,4936360,2812001,1575566
519,MAHARASHTRA,Mumbai,3085411,1684608,1400803,2509022,1410680,1098342,1284396,1021009,263387,118967,399792,603937,665263,378764,343374,1553005,933586,583243
520,MAHARASHTRA,Raigarh,2634200,1344345,1289855,1939994,1059692,880302,1072969,753843,319126,231263,407662,335886,441072,221410,204507,1414154,748339,462741
521,MAHARASHTRA,Pune,9429408,4924105,4505303,7171723,3940210,3231513,4048993,2809816,1239177,559840,1234549,1383055,1414563,867256,1086650,5184734,2624165,1586132
522,MAHARASHTRA,Ahmadnagar,4543159,2342825,2200334,3151890,1773355,1378535,2204590,1300309,904281,483996,833691,580959,745895,411908,315842,2496560,1166245,865139
523,MAHARASHTRA,Bid,2585049,1349106,1235943,1718507,987185,731322,1255548,727819,527729,309704,436446,280800,316758,206530,129996,1473882,614615,494436
524,MAHARASHTRA,Latur,2454196,1273140,1181056,1650672,932432,718240,1046857,670018,376839,268627,423711,296910,380344,224998,153256,1406364,584243,453229
525,MAHARASHTRA,Osmanabad,1657576,861535,796041,1137810,644304,493506,773916,473795,300121,183972,300965,201646,260772,139479,96847,917343,393539,343021
526,MAHARASHTRA,Solapur,4317756,2227852,2089904,2910676,1651266,1259410,1898395,1206933,691462,390337,788150,535848,643327,328020,236302,2402794,1089900,809935
527,MAHARASHTRA,Satara,3003741,1510842,1492899,2225694,1201034,1024660,1354947,844805,510142,288427,495822,407977,556706,299993,243457,1517324,800492,671702
528,MAHARASHTRA,Ratnagiri,1615069,761121,853948,1199392,619012,580380,714076,407008,307068,163025,378554,269872,247257,111600,65700,777431,438905,396967
529,MAHARASHTRA,Sindhudurg,849651,417332,432319,666067,348289,317778,347178,229676,117502,86480,165284,134734,175070,89023,48418,382024,242296,222963
530,MAHARASHTRA,Kolhapur,3876001,1980658,1895343,2825845,1559760,1266085,1704054,1125204,578850,321457,622362,487227,698604,395234,335413,1972486,1084858,801590
531,MAHARASHTRA,Sangli,2822143,1435728,1386415,2049467,1121550,927917,1215104,800214,414890,208511,507318,459156,453404,244804,214003,1450907,752303,603739
,,,,,,,,,,,,,,,,,,,,
,,,,,,,,,,,,,,,,,,,,
532,ANDHRA PRADESH,Adilabad,2741239,1369597,1371642,1483347,856350,626997,1323667,748939,574728,232470,344167,281752,225957,143143,100226,1536378,704551,422522
533,ANDHRA PRADESH,Nizamabad,2551335,1250641,1300694,1389810,790214,599596,1261076,684320,576756,269487,421399,338668,396396,223365,141850,1399773,676401,437573
534,ANDHRA PRADESH,Karimnagar,3776269,1880800,1895469,2206829,1257238,949591,1876768,1049463,827305,340372,453505,482842,463403,293493,256633,1940234,1031735,728494
535,ANDHRA PRADESH,Medak,3033288,1523030,1510258,1637137,953406,683731,1442203,837874,604329,324267,503713,481984,373729,201928,127493,1735769,779738,509368
536,ANDHRA PRADESH,Hyderabad,3943323,2018575,1924748,2892155,1542688,1349467,1413297,1045585,367712,230962,596591,685215,811501,517425,558090,2249130,1068243,542669
537,ANDHRA PRADESH,Rangareddy,5296741,2701008,2595733,3538028,1948784,1589244,2196078,1488916,707162,457916,756588,809283,821821,598940,740896,2966988,1455864,738037
538,ANDHRA PRADESH,Mahbubnagar,4053028,2050386,2002642,1940646,1158386,782260,2082501,1140067,942434,419379,596134,441585,308575,169083,98227,2360874,1027525,637430
539,ANDHRA PRADESH,Nalgonda,3488809,1759772,1729037,2001019,1160757,840262,1741693,976428,765265,369537,518669,471233,367424,238695,196134,1932349,897137,651748
540,ANDHRA PRADESH,Warangal,3512576,1759281,1753295,2065023,1179790,885233,1705655,960926,744729,314252,457529,454322,430242,279234,248942,1891954,941452,664872
541,ANDHRA PRADESH,Khammam,2797370,1390988,1406382,1630234,901640,728594,1410062,802906,607156,295639,346118,329630,238811,154774,160804,1530602,774583,477955
542,ANDHRA PRADESH,Srikakulam,2703114,1341738,1361376,1495381,857824,637557,1290288,766483,523805,291793,348354,319244,251521,146721,121213,1423119,747385,528736
543,ANDHRA PRADESH,Vizianagaram,2344474,1161477,1182997,1238388,707503,530885,1157962,679289,478673,250446,300057,257468,186576,115144,103591,1206366,666394,451469
544,ANDHRA PRADESH,Visakhapatnam,4290589,2138910,2151679,2568249,1422878,1145371,1889879,1239064,650815,414636,568178,649271,541942,329770,289734,2274553,1245627,716066
545,ANDHRA PRADESH,East Godavari,5154296,2569688,2584608,3288577,1716933,1571644,2093681,1545831,547850,669420,947606,797497,521562,271809,263023,2724328,1478954,948122
546,ANDHRA PRADESH,West Godavari,3936966,1964918,1972048,2652389,1379223,1273166,1773112,1199338,573774,595331,718960,585595,415178,215863,207586,2051513,1127764,755533
547,ANDHRA PRADESH,Krishna,4517398,2267375,2250023,3009718,1598959,1410759,2048880,1327299,721581,618101,692968,630603,531821,312753,328454,2340943,1284630,833959
548,ANDHRA PRADESH,Guntur,4887813,2440521,2447292,2960441,1634726,1325715,2381624,1442370,939254,736270,845810,674957,453446,246580,221924,2583462,1371811,928462
549,ANDHRA PRADESH,Prakasam,3397448,1714764,1682684,1904435,1107686,796749,1700567,991842,708725,489805,495556,368919,249034,142026,133627,1832695,917391,641707
550,ANDHRA PRADESH,Sri Potti Sriramulu Nellore,2963557,1492974,1470583,1832189,1011922,820267,1314561,859880,454681,437438,451130,370710,267243,161031,148394,1574713,840448,544022
551,ANDHRA PRADESH,Y.S.R.,2882469,1451777,1430692,1716766,994699,722067,1320404,823886,496518,408650,509166,413364,258798,140145,116330,1553667,793583,530412
552,ANDHRA PRADESH,Kurnool,4053463,2039227,2014236,2127161,1246369,880792,2029425,1164122,865303,521327,672951,466940,271828,152453,115504,2368684,1053618,609027
553,ANDHRA PRADESH,Anantapur,4081148,2064495,2016653,2310960,1338474,972486,2036166,1208544,827622,462273,720357,582075,331793,162175,144915,2189396,1104565,739612
554,ANDHRA PRADESH,Chittoor,4174064,2090204,2083860,2667878,1484794,1183084,1933357,1202223,731134,522961,770836,673197,548336,265199,246409,2148179,1159053,807430
,,,,,,,,,,,,,,,,,,,,
,,,,,,,,,,,,,,,,,,,,
555,KARNATAKA,Belgaum,4779661,2423063,2356598,3052032,1725548,1326484,2105668,1372422,733246,544564,1057297,609600,532584,279583,201884,2669348,1251116,857143
556,KARNATAKA,Bagalkot,1889752,950111,939641,1113412,641388,472024,818081,511575,306506,242336,385986,147397,171505,115095,82319,1123443,465706,299774
557,KARNATAKA,Bijapur,2177331,1111022,1066309,1248268,730566,517702,927722,580111,347611,246391,430477,143199,182756,129109,96990,1295274,527085,353549
558,KARNATAKA,Bidar,1703300,870665,832635,1042673,597198,445475,702608,459050,243558,188998,474921,194233,181076,105347,54900,1018195,397120,287271
559,KARNATAKA,Raichur,1928812,964511,964301,979769,577213,402556,903413,530373,373040,147743,385673,163709,153346,82082,50463,1196670,465173,265810
560,KARNATAKA,Koppal,1389920,699926,689994,809085,468785,340300,654766,387974,266792,222140,357098,127605,113028,72243,43967,855430,330393,202984
561,KARNATAKA,Gadag,1064570,537147,527423,700177,397178,302999,495722,310412,185310,121615,244640,112703,105150,63816,42053,601578,279069,183409
562,KARNATAKA,Dharwad,1847023,937206,909817,1301664,711776,589888,784833,543776,241057,252596,383041,185530,227113,143453,137768,1017935,505688,322577
563,KARNATAKA,Uttara Kannada,1437169,726256,710913,1081906,582099,499807,608526,430565,177961,198632,338390,183534,210270,108521,94767,742281,412649,281542
564,KARNATAKA,Haveri,1597668,819128,778540,1085443,603793,481650,730066,490731,239335,240925,430529,201965,158442,84357,55310,904453,426094,266586
565,KARNATAKA,Bellary,2452595,1236954,1215641,1421621,813440,608181,1116880,703258,413622,275785,529576,219702,203139,121453,89475,1487013,617276,346905
566,KARNATAKA,Chitradurga,1659456,840843,818613,1087392,607188,480204,856587,513311,343276,188329,332648,196470,217567,132435,75262,891230,460057,306412
567,KARNATAKA,Davanagere,1945497,986400,959097,1308540,720637,587903,875207,585639,289568,242130,446793,206686,269748,154781,123863,1068518,538551,336173
568,KARNATAKA,Shimoga,1752753,877415,875338,1263016,674938,588078,780598,534487,246111,191641,385978,292481,251095,132138,111753,913150,513297,325542
569,KARNATAKA,Udupi,1177361,562131,615230,926429,465704,460725,513241,335399,177842,142493,286193,176260,178094,109663,107279,559565,340903,276234
570,KARNATAKA,Chikmagalur,1137961,566622,571339,818345,438257,380088,565774,357889,207885,114570,257550,160083,177585,96470,72420,564994,341380,230864
571,KARNATAKA,Tumkur,2678980,1350594,1328386,1813391,1006024,807367,1354646,837512,517134,270373,500593,386998,423738,213588,143735,1351461,760936,564196
572,KARNATAKA,Bangalore,9621551,5022661,4598890,7512276,4078041,3434235,4246927,3115361,1131566,599794,1509693,1629870,2018079,1196965,1733274,5275666,2909575,1424195
573,KARNATAKA,Mandya,1805769,905085,900684,1149649,638668,510981,871408,575203,296205,145178,309476,226552,308624,157839,102838,902307,527236,375100
574,KARNATAKA,Hassan,1776421,883667,892754,1225256,668836,556420,903580,560452,343128,182255,354480,232531,292369,147837,103152,877340,522039,375918
575,KARNATAKA,Dakshina Kannada,2089649,1034714,1054935,1666323,864019,802304,997721,620903,376818,191317,520715,296110,309141,178989,185916,1072417,608450,407902
576,KARNATAKA,Kodagu,554519,274608,279911,412877,215302,197575,278938,172100,106838,51287,111562,75291,86232,54939,43225,276918,163360,113919
577,KARNATAKA,Mysore,3001127,1511600,1489527,1962180,1063766,898414,1314268,921803,392465,207091,537686,404565,452412,222230,212541,1580116,865220,553705
578,KARNATAKA,Chamarajanagar,1020791,512231,508560,565279,312957,252322,481693,324326,157367,82487,204765,132421,109361,57053,34799,519046,294903,206003
579,KARNATAKA,Gulbarga,2566326,1301755,1264571,1427368,828359,599009,1087028,680001,407027,177860,579057,270622,290570,153746,104256,1570719,604665,388935
580,KARNATAKA,Yadgir,1174271,590329,583942,510003,306751,203252,547696,317135,230561,98481,204926,77942,73599,40104,27728,738451,267222,168186
581,KARNATAKA,Kolar,1536401,776396,760005,1016219,564110,452109,717872,454048,263824,138015,289841,228422,225498,107929,71422,841499,419380,274240
582,KARNATAKA,Chikkaballapura,1255104,636437,618667,783222,442158,341064,639778,384452,255326,100059,219778,193549,187040,80928,55056,666451,350299,236864
583,KARNATAKA,Bangalore Rural,990923,509172,481751,688749,385311,303438,459891,315499,144392,100770,168165,126285,166677,82235,51015,535765,278153,176083
584,KARNATAKA,Ramanagara,1082636,548008,534628,674758,378461,296297,531459,344349,187110,98447,187673,119218,155358,77233,46318,559082,297330,224785
,,,,,,,,,,,,,,,,,,,,
,,,,,,,,,,,,,,,,,,,,
585,GOA,North Goa,818008,416677,401331,663060,351738,311322,327658,239125,88533,40968,101521,148792,153887,87513,86781,380926,260533,175035
586,GOA,South Goa,640537,322463,318074,502427,264085,238342,249590,180411,69179,29874,73039,119869,108989,64786,57460,314480,194872,130605
,,,,,,,,,,,,,,,,,,,,
,,,,,,,,,,,,,,,,,,,,
587,LAKSHADWEEP,Lakshadweep,64473,33123,31350,52553,28023,24530,18753,15318,3435,5641,13391,13836,13997,6642,3491,33877,19244,11237
,,,,,,,,,,,,,,,,,,,,
,,,,,,,,,,,,,,,,,,,,
588,KERALA,Kasaragod,1307375,628613,678762,1037492,516476,521016,462998,325095,137903,115476,268084,230416,238900,122657,76192,688763,369883,246975
589,KERALA,Kannur,2523003,1181446,1341557,2138434,1012956,1125478,824116,609377,214739,204713,487016,491844,540383,308670,217203,1187177,741984,588081
590,KERALA,Wayanad,817420,401684,415736,645585,328136,317449,340077,228639,111438,65326,144896,137227,184266,87042,51111,412806,246590,157326
591,KERALA,Kozhikode,3086293,1470942,1615351,2615443,1266939,1348504,948981,752333,196648,247996,564392,647221,630818,351267,250117,1487644,909581,686109
592,KERALA,Malappuram,4112920,1960328,2152592,3311315,1597404,1713911,1062424,898157,164267,415601,770417,814285,933793,392867,203779,2406005,1041361,662311
593,KERALA,Palakkad,2809934,1359478,1450456,2239492,1122600,1116892,1042340,746121,296219,249198,492864,608176,572412,232109,180540,1395222,802611,608966
594,KERALA,Thrissur,3121200,1480763,1640437,2678548,1282261,1396287,1095727,789511,306216,222627,445696,524387,821831,362657,338600,1394214,931841,792182
595,KERALA,Ernakulam,3282388,1619557,1662831,2855676,1425723,1429953,1249343,913249,336094,212263,446380,554817,702511,389793,429880,1396968,1024720,858010
596,KERALA,Idukki,1108974,552808,556166,923010,471881,451129,516363,331710,184653,79149,166604,209398,261237,136428,86136,494456,352163,261471
597,KERALA,Kottayam,1974551,968289,1006262,1749798,861592,888206,735735,530322,205413,117681,271496,373998,475724,280720,221350,811653,596302,565048
598,KERALA,Alappuzha,2127789,1013142,1114647,1852797,890552,962245,804471,536738,267733,133039,334339,418953,573306,274789,198858,891512,648522,585591
599,KERALA,Pathanamthitta,1197412,561716,635696,1062553,499181,563372,392794,281854,110940,64054,146138,202197,371128,172884,123549,479207,346161,370887
600,KERALA,Kollam,2635375,1246968,1388407,2240273,1074345,1165928,912025,644362,267663,172247,406592,562529,595191,307950,233402,1177359,795245,660965
601,KERALA,Thiruvananthapuram,3301427,1581678,1719749,2785408,1354857,1430551,1231669,864101,367568,206328,460690,642470,682156,389161,381782,1488441,989238,820024
,,,,,,,,,,,,,,,,,,,,
,,,,,,,,,,,,,,,,,,,,
602,TAMIL NADU,Thiruvallur,3728104,1876062,1852042,2791721,1495711,1296010,1538054,1103563,434491,181452,461918,600731,622789,303091,451321,1925296,1154775,643614
603,TAMIL NADU,Chennai,4646732,2335844,2310888,3776276,1968079,1808197,1817297,1369302,447995,167207,516445,720331,801050,464207,905515,2271657,1468902,899279
604,TAMIL NADU,Kancheepuram,3998252,2012958,1985294,3013382,1611461,1401921,1673814,1181308,492506,183054,535947,608188,634172,312208,526886,2076492,1200284,715895
605,TAMIL NADU,Vellore,3936331,1961688,1974643,2773928,1504355,1269573,1689330,1123874,565456,191963,721473,719731,641585,311434,308514,2096113,1116437,720713
606,TAMIL NADU,Tiruvannamalai,2464875,1235889,1228986,1626813,909803,717010,1238177,738995,499182,203879,442688,423135,343955,174560,158041,1301347,683904,477668
607,TAMIL NADU,Viluppuram,3458873,1740819,1718054,2195776,1234479,961297,1703249,1017383,685866,202930,646306,549742,508930,246856,229726,1881463,949892,624042
608,TAMIL NADU,Salem,3482056,1781571,1700485,2285562,1285107,1000455,1694160,1083797,610363,188672,571061,518763,457866,242306,296399,1737345,1029479,713294
609,TAMIL NADU,Namakkal,1726601,869280,857321,1176131,653312,522819,898245,531463,366782,123573,297179,247516,214836,126468,169206,817905,510413,397064
610,TAMIL NADU,Erode,2251744,1129868,1121876,1492662,828300,664362,1195773,732083,463690,175017,345914,319484,269016,155344,215514,1006543,701326,542295
611,TAMIL NADU,The Nilgiris,735394,360143,375251,569647,299447,270200,349974,212172,137802,47555,122821,130678,133569,76132,69657,352516,231451,150804
612,TAMIL NADU,Dindigul,2159775,1080938,1078837,1481834,816180,665654,1105155,665469,439686,207751,386421,372636,282628,153100,163050,1065734,647806,443528
613,TAMIL NADU,Karur,1064493,528184,536309,727044,401726,325318,543298,329034,214264,76629,190229,167466,146666,77874,85595,501585,320645,241843
614,TAMIL NADU,Tiruchirappalli,2722290,1352284,1370006,2038981,1087765,951216,1213979,789206,424773,229415,444023,447474,418930,223178,291506,1346661,797258,575960
615,TAMIL NADU,Perambalur,565223,282157,283066,375823,208011,167812,299726,162639,137087,85210,106751,85101,71650,41447,44025,291371,158218,115151
616,TAMIL NADU,Ariyalur,754894,374703,380191,480604,269582,211022,359851,212547,147304,60697,134123,113437,96860,53934,57524,380484,216103,157771
617,TAMIL NADU,Cuddalore,2605914,1311697,1294217,1815281,1000322,814959,1169880,749633,420247,169844,412237,418769,386652,186394,227530,1364411,764669,473617
618,TAMIL NADU,Nagapattinam,1616450,798127,818323,1213008,640916,572092,671994,461174,210820,136593,323359,313357,249630,122350,125639,828444,463326,323706
619,TAMIL NADU,Thiruvarur,1264277,626693,637584,946471,503085,443386,540168,369853,170315,138960,250163,243773,203450,103908,99082,627880,377118,257116
620,TAMIL NADU,Thanjavur,2405890,1182416,1223474,1790998,944264,846734,974079,680483,293596,138375,431983,419605,373111,178126,222410,1193095,712017,499235
621,TAMIL NADU,Pudukkottai,1618345,803188,815157,1110545,608776,501769,761693,471099,290594,97231,283299,270046,251855,121706,111731,835853,470428,311175
622,TAMIL NADU,Sivaganga,1339101,668672,670429,959744,526304,433440,620171,391305,228866,101778,216931,236700,199263,103903,115894,666218,391356,280462
623,TAMIL NADU,Madurai,3038252,1526475,1511777,2273430,1223810,1049620,1354632,902704,451928,234611,525151,532616,453509,250285,363152,1528178,913715,593827
624,TAMIL NADU,Theni,1245899,625683,620216,870080,479403,390677,591642,368900,222742,90590,219747,213496,156676,95231,101147,618923,373564,252267
625,TAMIL NADU,Virudhunagar,1942288,967709,974579,1398788,760375,638413,950158,579111,371047,163264,398670,317054,230321,138306,167506,987538,575006,378174
626,TAMIL NADU,Ramanathapuram,1353445,682658,670787,978946,536487,442459,602977,392751,210226,246909,293886,236511,189132,105978,97405,708322,389764,252888
627,TAMIL NADU,Thoothukkudi,1750176,865021,885155,1349697,703106,646591,748095,503727,244368,153922,372036,315817,227154,133010,155613,887717,499377,361374
628,TAMIL NADU,Tirunelveli,3077233,1520912,1556321,2273457,1210710,1062747,1436454,876175,560279,263517,618656,517646,390495,220088,247635,1554277,876129,644563
629,TAMIL NADU,Kanniyakumari,1870374,926345,944029,1548738,780541,768197,679620,524629,154991,134236,331559,314029,322511,226312,254107,887052,556548,425849
630,TAMIL NADU,Dharmapuri,1506843,774303,732540,917709,527599,390110,751170,446057,305113,129778,240222,221194,177877,103367,112592,804186,434328,267536
631,TAMIL NADU,Krishnagiri,1879809,960232,919577,1187958,667062,520896,877779,561634,316145,135813,290351,289026,276694,133744,137081,1034474,533183,311238
632,TAMIL NADU,Coimbatore,3458045,1729297,1728748,2635907,1394790,1241117,1567950,1083125,484825,220388,466745,523563,526165,273098,440520,1579517,1117221,757738
633,TAMIL NADU,Tiruppur,2479052,1246159,1232893,1760566,959623,800943,1266137,819783,446354,192583,444390,369432,298635,170870,179733,1177987,794639,504674
,,,,,,,,,,,,,,,,,,,,
,,,,,,,,,,,,,,,,,,,,
634,PONDICHERRY,Yanam,55626,27301,28325,39274,19919,19355,16760,14047,2713,3804,10954,8806,8044,4101,3836,31973,15235,8402
635,PONDICHERRY,PONDICHERRY,950289,468258,482031,726649,380946,345703,348105,256652,91453,61364,127754,150478,152482,81519,134067,473705,299746,176204
636,PONDICHERRY,Mahe,41816,19143,22673,36470,16610,19860,11802,9093,2709,2948,6043,7930,8773,5711,4475,19760,12543,9428
637,PONDICHERRY,Karaikal,200222,97809,102413,154916,79903,75013,68301,53139,15162,18943,32899,33458,29456,15930,18998,102333,60089,37434
,,,,,,,,,,,,,,,,,,,,
,,,,,,,,,,,,,,,,,,,,
638,ANDAMAN AND NICOBAR ISLANDS,Nicobars,36842,20727,16115,25332,15397,9935,17125,12714,4411,2406,5984,7699,6325,3668,1300,18786,12088,5922
639,ANDAMAN AND NICOBAR ISLANDS,North  AND Middle Andaman,105597,54861,50736,78683,43186,35497,38579,30612,7967,16126,21215,21293,12707,10042,5133,57350,30741,17464
640,ANDAMAN AND NICOBAR ISLANDS,South Andaman,238142,127283,110859,190266,105794,84472,96831,77563,19268,16301,33267,42741,42150,29910,22388,128402,76332,33128
